-- phpMyAdmin SQL Dump
-- version 4.5.1
-- http://www.phpmyadmin.net
--
-- Host: 127.0.0.1
-- Generation Time: May 03, 2018 at 02:53 PM
-- Server version: 10.1.19-MariaDB
-- PHP Version: 5.5.38

SET SQL_MODE = "NO_AUTO_VALUE_ON_ZERO";
SET time_zone = "+00:00";


/*!40101 SET @OLD_CHARACTER_SET_CLIENT=@@CHARACTER_SET_CLIENT */;
/*!40101 SET @OLD_CHARACTER_SET_RESULTS=@@CHARACTER_SET_RESULTS */;
/*!40101 SET @OLD_COLLATION_CONNECTION=@@COLLATION_CONNECTION */;
/*!40101 SET NAMES utf8mb4 */;

--
-- Database: `spkberas`
--

-- --------------------------------------------------------

--
-- Table structure for table `aturan`
--

CREATE TABLE `aturan` (
  `id_aturan` varchar(4) NOT NULL,
  `kondisi_harga` varchar(4) NOT NULL,
  `kondisi_musim` varchar(4) DEFAULT NULL,
  `kondisi_bencana` varchar(4) DEFAULT NULL,
  `rekomendasi` varchar(4) DEFAULT NULL
) ENGINE=InnoDB DEFAULT CHARSET=latin1;

--
-- Dumping data for table `aturan`
--

INSERT INTO `aturan` (`id_aturan`, `kondisi_harga`, `kondisi_musim`, `kondisi_bencana`, `rekomendasi`) VALUES
('A1', 'K2', 'K4', 'K6', 'R1'),
('A2', 'K2', 'K4', 'K5', 'R2'),
('A3', 'K2', 'K3', 'K6', 'R3'),
('A4', 'K2', 'K3', 'K5', 'R4'),
('A5', 'K1', 'K4', 'K6', 'R5'),
('A6', 'K1', 'K4', 'K5', 'R6'),
('A7', 'K1', 'K3', 'K6', 'R7'),
('A8', 'K1', 'K3', 'K5', 'R8');

-- --------------------------------------------------------

--
-- Table structure for table `aturan2`
--

CREATE TABLE `aturan2` (
  `id_aturan` varchar(255) NOT NULL,
  `id_kondisi` varchar(255) NOT NULL,
  `id_rekomendasi` varchar(255) NOT NULL
) ENGINE=InnoDB DEFAULT CHARSET=latin1;

-- --------------------------------------------------------

--
-- Table structure for table `beras_aktual`
--

CREATE TABLE `beras_aktual` (
  `id_aktual` int(11) NOT NULL,
  `id_waktu` date NOT NULL,
  `id_provinsi` int(2) NOT NULL,
  `aktual_harga` double DEFAULT NULL,
  `aktual_produksi` double DEFAULT NULL,
  `aktual_luastanam` double DEFAULT NULL,
  `aktual_curahhujan` double DEFAULT NULL,
  `aktual_banjir` int(11) DEFAULT NULL,
  `aktual_longsor` int(11) DEFAULT NULL,
  `aktual_hama` int(11) DEFAULT NULL
) ENGINE=InnoDB DEFAULT CHARSET=latin1;

--
-- Dumping data for table `beras_aktual`
--

INSERT INTO `beras_aktual` (`id_aktual`, `id_waktu`, `id_provinsi`, `aktual_harga`, `aktual_produksi`, `aktual_luastanam`, `aktual_curahhujan`, `aktual_banjir`, `aktual_longsor`, `aktual_hama`) VALUES
(1, '2008-01-01', 1, 5006, 288577, 194599, NULL, 0, 0, 0),
(2, '2008-01-01', 2, 5067, 175735, 181479, NULL, 0, 0, 0),
(3, '2008-01-01', 3, 5066, 208484, 256472, NULL, 0, 0, 0),
(4, '2008-01-01', 4, 5953, 247848, 34639, NULL, 0, 0, 0),
(5, '2008-01-01', 5, 4889, 58538, 57714, NULL, 0, 0, 0),
(6, '2008-01-01', 6, 4129, 137905, 138188, NULL, 0, 0, 0),
(7, '2008-01-01', 7, 4760, 4908, 84308, NULL, 0, 0, 0),
(8, '2008-01-01', 8, 6766, 61, 3491, NULL, 0, 0, 0),
(9, '2008-01-01', 9, 5930, 15912, 4177, NULL, 0, 0, 0),
(10, '2008-01-01', 10, 6125, 2067, 1671, NULL, 0, 0, 0),
(11, '2008-01-01', 11, 5112, 7722, 12653, NULL, 0, 0, 0),
(12, '2008-02-01', 1, 5032, 709949, 76497, NULL, 0, 0, 0),
(13, '2008-02-01', 2, 5008, 572790, 91380, NULL, 0, 0, 0),
(14, '2008-02-01', 3, 4968, 394768, 78919, NULL, 0, 0, 0),
(15, '2008-02-01', 4, 6009, 281265, 39299, NULL, 0, 0, 0),
(16, '2008-02-01', 5, 4896, 324935, 21036, NULL, 0, 0, 0),
(17, '2008-02-01', 6, 4129, 84017, 58127, NULL, 0, 0, 0),
(18, '2008-02-01', 7, 4845, 18271, 56864, NULL, 0, 0, 0),
(19, '2008-02-01', 8, 6813, 1098, 12991, NULL, 0, 0, 0),
(20, '2008-02-01', 9, 5930, 93221, 5473, NULL, 0, 0, 0),
(21, '2008-02-01', 10, 6175, 0, 937, NULL, 0, 0, 0),
(22, '2008-02-01', 11, 5159, 129829, 11419, NULL, 0, 0, 0),
(23, '2008-03-01', 1, 4878, 1622137, 121151, NULL, 0, 0, 0),
(24, '2008-03-01', 2, 4716, 1987903, 186188, NULL, 0, 0, 0),
(25, '2008-03-01', 3, 4694, 2153247, 158452, NULL, 0, 0, 0),
(26, '2008-03-01', 4, 5992, 398604, 35790, NULL, 0, 0, 0),
(27, '2008-03-01', 5, 4733, 645531, 20622, NULL, 0, 0, 0),
(28, '2008-03-01', 6, 4099, 344961, 41523, NULL, 0, 0, 0),
(29, '2008-03-01', 7, 4845, 93765, 78691, NULL, 0, 0, 0),
(30, '2008-03-01', 8, 6880, 4596, 1544, NULL, 0, 0, 0),
(31, '2008-03-01', 9, 5920, 82513, 32072, NULL, 0, 0, 0),
(32, '2008-03-01', 10, 6225, 14556, 3526, NULL, 0, 0, 0),
(33, '2008-03-01', 11, 5288, 19847, 8275, NULL, 0, 0, 0),
(34, '2008-04-01', 1, 4745, 1957305, 260823, NULL, 0, 0, 0),
(35, '2008-04-01', 2, 4574, 1657051, 241068, NULL, 0, 0, 0),
(36, '2008-04-01', 3, 4528, 2999524, 236335, NULL, 0, 0, 0),
(37, '2008-04-01', 4, 5993, 430147, 41263, NULL, 0, 0, 0),
(38, '2008-04-01', 5, 4717, 513123, 51948, NULL, 0, 0, 0),
(39, '2008-04-01', 6, 4041, 909243, 84453, NULL, 0, 0, 0),
(40, '2008-04-01', 7, 4917, 233564, 84471, NULL, 0, 0, 0),
(41, '2008-04-01', 8, 6848, 16525, 2018, NULL, 0, 0, 0),
(42, '2008-04-01', 9, 5930, 35466, 38542, NULL, 0, 0, 0),
(43, '2008-04-01', 10, 6275, 15506, 1298, NULL, 0, 0, 0),
(44, '2008-04-01', 11, 5271, 16296, 12516, NULL, 0, 0, 0),
(45, '2008-05-01', 1, 4823, 1094081, 222666, NULL, 0, 0, 0),
(46, '2008-05-01', 2, 4733, 951830, 160797, NULL, 0, 0, 0),
(47, '2008-05-01', 3, 4688, 1228252, 127546, NULL, 0, 0, 0),
(48, '2008-05-01', 4, 6028, 212954, 63455, NULL, 0, 0, 0),
(49, '2008-05-01', 5, 4681, 267517, 69279, NULL, 0, 0, 0),
(50, '2008-05-01', 6, 4056, 713597, 159789, NULL, 0, 0, 0),
(51, '2008-05-01', 7, 4881, 265167, 36548, NULL, 0, 0, 0),
(52, '2008-05-01', 8, 6958, 9544, 339, NULL, 0, 0, 0),
(53, '2008-05-01', 9, 6040, 9927, 16619, NULL, 0, 0, 0),
(54, '2008-05-01', 10, 6275, 6628, 808, NULL, 0, 0, 0),
(55, '2008-05-01', 11, 5271, 52065, 5426, NULL, 0, 0, 0),
(56, '2008-06-01', 1, 5042, 430084, 125537, NULL, 0, 0, 0),
(57, '2008-06-01', 2, 4923, 479274, 62803, NULL, 0, 0, 0),
(58, '2008-06-01', 3, 4840, 377945, 81293, NULL, 0, 0, 0),
(59, '2008-06-01', 4, 6152, 241603, 73381, NULL, 0, 0, 0),
(60, '2008-06-01', 5, 4835, 97507, 98958, NULL, 0, 0, 0),
(61, '2008-06-01', 6, 4127, 300165, 86222, NULL, 0, 0, 0),
(62, '2008-06-01', 7, 4828, 178850, 36680, NULL, 0, 0, 0),
(63, '2008-06-01', 8, 6973, 35517, 194, NULL, 0, 0, 0),
(64, '2008-06-01', 9, 6146, 13007, 4751, NULL, 0, 0, 0),
(65, '2008-06-01', 10, 6275, 3717, 1557, NULL, 0, 0, 0),
(66, '2008-06-01', 11, 5421, 46988, 3015, NULL, 0, 0, 0),
(67, '2008-07-01', 1, 5076, 681139, 61885, NULL, 0, 0, 0),
(68, '2008-07-01', 2, 4907, 976528, 44144, NULL, 0, 0, 0),
(69, '2008-07-01', 3, 4863, 758831, 67353, NULL, 0, 0, 0),
(70, '2008-07-01', 4, 6247, 220030, 51920, NULL, 0, 0, 0),
(71, '2008-07-01', 5, 4902, 95588, 36764, NULL, 0, 0, 0),
(72, '2008-07-01', 6, 4117, 214423, 41171, NULL, 0, 0, 0),
(73, '2008-07-01', 7, 4812, 247501, 38196, NULL, 0, 0, 0),
(74, '2008-07-01', 8, 6902, 4221, 378, NULL, 0, 0, 0),
(75, '2008-07-01', 9, 6367, 76224, 984, NULL, 0, 0, 0),
(76, '2008-07-01', 10, 6375, 13986, 546, NULL, 0, 0, 0),
(77, '2008-07-01', 11, 5441, 34050, 4080, NULL, 0, 0, 0),
(78, '2008-08-01', 1, 5083, 1466408, 78181, NULL, 0, 0, 0),
(79, '2008-08-01', 2, 4901, 1264365, 43801, NULL, 0, 0, 0),
(80, '2008-08-01', 3, 4891, 1131815, 45663, NULL, 0, 0, 0),
(81, '2008-08-01', 4, 6270, 253677, 57370, NULL, 0, 0, 0),
(82, '2008-08-01', 5, 4939, 240791, 11064, NULL, 0, 0, 0),
(83, '2008-08-01', 6, 4124, 436112, 26981, NULL, 0, 0, 0),
(84, '2008-08-01', 7, 4803, 265680, 9375, NULL, 0, 0, 0),
(85, '2008-08-01', 8, 6739, 5517, 872, NULL, 0, 0, 0),
(86, '2008-08-01', 9, 6396, 91601, 104, NULL, 0, 0, 0),
(87, '2008-08-01', 10, 6375, 5149, 966, NULL, 0, 0, 0),
(88, '2008-08-01', 11, 5412, 51502, 16471, NULL, 0, 0, 0),
(89, '2008-09-01', 1, 5096, 848852, 50220, NULL, 0, 0, 0),
(90, '2008-09-01', 2, 4936, 552737, 30359, NULL, 0, 0, 0),
(91, '2008-09-01', 3, 4924, 484222, 32184, NULL, 0, 0, 0),
(92, '2008-09-01', 4, 6199, 267268, 64014, NULL, 0, 0, 0),
(93, '2008-09-01', 5, 4989, 233348, 12844, NULL, 0, 0, 0),
(94, '2008-09-01', 6, 4161, 479593, 27042, NULL, 0, 0, 0),
(95, '2008-09-01', 7, 4688, 195624, 1043, NULL, 0, 0, 0),
(96, '2008-09-01', 8, 6786, 1639, 34, NULL, 0, 0, 0),
(97, '2008-09-01', 9, 6438, 77463, 7508, NULL, 0, 0, 0),
(98, '2008-09-01', 10, 6375, 2963, 529, NULL, 0, 0, 0),
(99, '2008-09-01', 11, 5412, 30299, 5353, NULL, 0, 0, 0),
(100, '2008-10-01', 1, 5085, 478575, 123550, NULL, 0, 0, 0),
(101, '2008-10-01', 2, 4943, 215884, 98952, NULL, 0, 0, 0),
(102, '2008-10-01', 3, 4929, 308625, 60941, NULL, 0, 0, 0),
(103, '2008-10-01', 4, 6369, 309076, 72645, NULL, 0, 0, 0),
(104, '2008-10-01', 5, 5019, 333313, 71295, NULL, 0, 0, 0),
(105, '2008-10-01', 6, 4175, 258788, 16475, NULL, 0, 0, 0),
(106, '2008-10-01', 7, 4611, 196330, 3883, NULL, 0, 0, 0),
(107, '2008-10-01', 8, 6848, 938, 615, NULL, 0, 0, 0),
(108, '2008-10-01', 9, 6458, 22145, 43987, NULL, 0, 0, 0),
(109, '2008-10-01', 10, 6400, 5710, 0, NULL, 0, 0, 0),
(110, '2008-10-01', 11, 5441, 16836, 90002, NULL, 0, 0, 0),
(111, '2008-11-01', 1, 5083, 235919, 282295, NULL, 0, 0, 0),
(112, '2008-11-01', 2, 4904, 151744, 343419, NULL, 0, 0, 0),
(113, '2008-11-01', 3, 4937, 255702, 332400, NULL, 0, 0, 0),
(114, '2008-11-01', 4, 6282, 218684, 102951, NULL, 0, 0, 0),
(115, '2008-11-01', 5, 5033, 123830, 141638, NULL, 0, 0, 0),
(116, '2008-11-01', 6, 4194, 123571, 67644, NULL, 0, 0, 0),
(117, '2008-11-01', 7, 4696, 204445, 19927, NULL, 0, 0, 0),
(118, '2008-11-01', 8, 6786, 1827, 2575, NULL, 0, 0, 0),
(119, '2008-11-01', 9, 6533, 4587, 38934, NULL, 0, 0, 0),
(120, '2008-11-01', 10, 6425, 2002, 3725, NULL, 0, 0, 0),
(121, '2008-11-01', 11, 5441, 22783, 13759, NULL, 0, 0, 0),
(122, '2008-12-01', 1, 5133, 298043, 340623, NULL, 0, 0, 0),
(123, '2008-12-01', 2, 4976, 150565, 286263, NULL, 0, 0, 0),
(124, '2008-12-01', 3, 4962, 173357, 463041, NULL, 0, 0, 0),
(125, '2008-12-01', 4, 6325, 241639, 111098, NULL, 0, 0, 0),
(126, '2008-12-01', 5, 5052, 37266, 112586, NULL, 0, 0, 0),
(127, '2008-12-01', 6, 4231, 80981, 178295, NULL, 0, 0, 0),
(128, '2008-12-01', 7, 4696, 50180, 49637, NULL, 0, 0, 0),
(129, '2008-12-01', 8, 6833, 4216, 9258, NULL, 0, 0, 0),
(130, '2008-12-01', 9, 6567, 485, 16735, NULL, 0, 0, 0),
(131, '2008-12-01', 10, 6325, 3542, 3968, NULL, 0, 0, 0),
(132, '2008-12-01', 11, 5441, 91976, 11297, NULL, 0, 0, 0),
(133, '2009-01-01', 1, 5137, 302126, 148100, NULL, 0, 0, 0),
(134, '2009-01-01', 2, 5038, 182416, 140845, NULL, 0, 0, 0),
(135, '2009-01-01', 3, 4974, 15824, 181344, NULL, 0, 0, 0),
(136, '2009-01-01', 4, 6262, 260445, 45651, NULL, 0, 0, 0),
(137, '2009-01-01', 5, 5258, 55552, 56819, NULL, 0, 0, 0),
(138, '2009-01-01', 6, 4505, 165573, 114388, NULL, 0, 0, 0),
(139, '2009-01-01', 7, 4920, 5331, 80075, NULL, 0, 0, 0),
(140, '2009-01-01', 8, 6873, 93, 4815, NULL, 0, 0, 0),
(141, '2009-01-01', 9, 6288, 16278, 8819, NULL, 0, 0, 0),
(142, '2009-01-01', 10, 6333, 2188, 893, NULL, 0, 0, 0),
(143, '2009-01-01', 11, 6050, 8342, 12965, NULL, 0, 0, 0),
(144, '2009-02-01', 1, 5278, 743284, 91611, NULL, 0, 0, 0),
(145, '2009-02-01', 2, 5264, 594566, 139797, NULL, 0, 0, 0),
(146, '2009-02-01', 3, 5071, 29964, 80051, NULL, 0, 0, 0),
(147, '2009-02-01', 4, 6322, 295561, 32998, NULL, 0, 0, 0),
(148, '2009-02-01', 5, 5376, 308361, 24430, NULL, 0, 0, 0),
(149, '2009-02-01', 6, 4647, 100873, 45446, NULL, 0, 0, 0),
(150, '2009-02-01', 7, 4983, 19845, 49291, NULL, 0, 0, 0),
(151, '2009-02-01', 8, 6954, 1675, 3509, NULL, 0, 0, 0),
(152, '2009-02-01', 9, 6352, 95371, 7260, NULL, 0, 0, 0),
(153, '2009-02-01', 10, 6333, 0, 642, NULL, 0, 0, 0),
(154, '2009-02-01', 11, 6191, 140255, 9485, NULL, 0, 0, 0),
(155, '2009-03-01', 1, 5171, 1698302, 166660, NULL, 0, 0, 0),
(156, '2009-03-01', 2, 5124, 2063478, 215017, NULL, 0, 0, 0),
(157, '2009-03-01', 3, 4972, 163436, 219706, NULL, 0, 0, 0),
(158, '2009-03-01', 4, 6351, 418862, 35884, NULL, 0, 0, 0),
(159, '2009-03-01', 5, 5324, 612605, 26909, NULL, 0, 0, 0),
(160, '2009-03-01', 6, 4744, 414171, 36846, NULL, 0, 0, 0),
(161, '2009-03-01', 7, 4995, 101844, 75503, NULL, 0, 0, 0),
(162, '2009-03-01', 8, 6853, 7015, 586, NULL, 0, 0, 0),
(163, '2009-03-01', 9, 6384, 84415, 25611, NULL, 0, 0, 0),
(164, '2009-03-01', 10, 6250, 15407, 1803, NULL, 0, 0, 0),
(165, '2009-03-01', 11, 6236, 21441, 8438, NULL, 0, 0, 0),
(166, '2009-04-01', 1, 5135, 2049207, 259635, NULL, 0, 0, 0),
(167, '2009-04-01', 2, 5099, 1720049, 201464, NULL, 0, 0, 0),
(168, '2009-04-01', 3, 4915, 227669, 215814, NULL, 0, 0, 0),
(169, '2009-04-01', 4, 6345, 452009, 53200, NULL, 0, 0, 0),
(170, '2009-04-01', 5, 5150, 486951, 51533, NULL, 0, 0, 0),
(171, '2009-04-01', 6, 4736, 1091665, 58971, NULL, 0, 0, 0),
(172, '2009-04-01', 7, 4950, 253687, 84774, NULL, 0, 0, 0),
(173, '2009-04-01', 8, 6893, 25220, 695, NULL, 0, 0, 0),
(174, '2009-04-01', 9, 6384, 36284, 35936, NULL, 0, 0, 0),
(175, '2009-04-01', 10, 6417, 16412, 3790, NULL, 0, 0, 0),
(176, '2009-04-01', 11, 6055, 17605, 10544, NULL, 0, 0, 0),
(177, '2009-05-01', 1, 5117, 974963, 185047, NULL, 0, 0, 0),
(178, '2009-05-01', 2, 5136, 783379, 130869, NULL, 0, 0, 0),
(179, '2009-05-01', 3, 4918, 1462628, 121728, NULL, 0, 0, 0),
(180, '2009-05-01', 4, 6352, 281845, 54901, NULL, 0, 0, 0),
(181, '2009-05-01', 5, 5124, 323322, 91273, NULL, 0, 0, 0),
(182, '2009-05-01', 6, 4673, 681060, 157963, NULL, 0, 0, 0),
(183, '2009-05-01', 7, 4966, 264548, 51149, NULL, 0, 0, 0),
(184, '2009-05-01', 8, 6813, 22651, 701, NULL, 0, 0, 0),
(185, '2009-05-01', 9, 6350, 25145, 26612, NULL, 0, 0, 0),
(186, '2009-05-01', 10, 6250, 4696, 2367, NULL, 0, 0, 0),
(187, '2009-05-01', 11, 6091, 60366, 5663, NULL, 0, 0, 0),
(188, '2009-06-01', 1, 5122, 603088, 117545, NULL, 0, 0, 0),
(189, '2009-06-01', 2, 5194, 777550, 65897, NULL, 0, 0, 0),
(190, '2009-06-01', 3, 4968, 645650, 76317, NULL, 0, 0, 0),
(191, '2009-06-01', 4, 6352, 203727, 72573, NULL, 0, 0, 0),
(192, '2009-06-01', 5, 5108, 139016, 96071, NULL, 0, 0, 0),
(193, '2009-06-01', 6, 4770, 270583, 112509, NULL, 0, 0, 0),
(194, '2009-06-01', 7, 5049, 162845, 40296, NULL, 0, 0, 0),
(195, '2009-06-01', 8, 6813, 16507, 3143, NULL, 0, 0, 0),
(196, '2009-06-01', 9, 6310, 20700, 9070, NULL, 0, 0, 0),
(197, '2009-06-01', 10, 6292, 3376, 252, NULL, 0, 0, 0),
(198, '2009-06-01', 11, 6095, 44163, 5221, NULL, 0, 0, 0),
(199, '2009-07-01', 1, 5128, 1097146, 96525, NULL, 0, 0, 0),
(200, '2009-07-01', 2, 5145, 1195923, 59636, NULL, 0, 0, 0),
(201, '2009-07-01', 3, 4990, 1772036, 81919, NULL, 0, 0, 0),
(202, '2009-07-01', 4, 6329, 221545, 45603, NULL, 0, 0, 0),
(203, '2009-07-01', 5, 5071, 153123, 40000, NULL, 0, 0, 0),
(204, '2009-07-01', 6, 4748, 219379, 48643, NULL, 0, 0, 0),
(205, '2009-07-01', 7, 5067, 249443, 33466, NULL, 0, 0, 0),
(206, '2009-07-01', 8, 6910, 2757, 2902, NULL, 0, 0, 0),
(207, '2009-07-01', 9, 6270, 73024, 2296, NULL, 0, 0, 0),
(208, '2009-07-01', 10, 6542, 9481, 1106, NULL, 0, 0, 0),
(209, '2009-07-01', 11, 6086, 39288, 5580, NULL, 0, 0, 0),
(210, '2009-08-01', 1, 5167, 1709214, 89635, NULL, 0, 0, 0),
(211, '2009-08-01', 2, 5203, 1120542, 38522, NULL, 0, 0, 0),
(212, '2009-08-01', 3, 5043, 1740645, 49864, NULL, 0, 0, 0),
(213, '2009-08-01', 4, 6348, 328452, 5558, NULL, 0, 0, 0),
(214, '2009-08-01', 5, 5134, 293243, 10529, NULL, 0, 0, 0),
(215, '2009-08-01', 6, 4770, 351110, 36253, NULL, 0, 0, 0),
(216, '2009-08-01', 7, 5080, 280072, 4510, NULL, 0, 0, 0),
(217, '2009-08-01', 8, 6780, 3269, 1505, NULL, 0, 0, 0),
(218, '2009-08-01', 9, 6246, 102464, 263, NULL, 0, 0, 0),
(219, '2009-08-01', 10, 6542, 19929, 2818, NULL, 0, 0, 0),
(220, '2009-08-01', 11, 6086, 49093, 14146, NULL, 0, 0, 0),
(221, '2009-09-01', 1, 5184, 825884, 42683, NULL, 0, 0, 0),
(222, '2009-09-01', 2, 5278, 515851, 26495, NULL, 0, 0, 0),
(223, '2009-09-01', 3, 5135, 509135, 35499, NULL, 0, 0, 0),
(224, '2009-09-01', 4, 6363, 327452, 73773, NULL, 0, 0, 0),
(225, '2009-09-01', 5, 5187, 288953, 22252, NULL, 0, 0, 0),
(226, '2009-09-01', 6, 4737, 457735, 20753, NULL, 0, 0, 0),
(227, '2009-09-01', 7, 5028, 244787, 579, NULL, 0, 0, 0),
(228, '2009-09-01', 8, 6804, 1642, 517, NULL, 0, 0, 0),
(229, '2009-09-01', 9, 6280, 87043, 19223, NULL, 0, 0, 0),
(230, '2009-09-01', 10, 6542, 6652, 1077, NULL, 0, 0, 0),
(231, '2009-09-01', 11, 6209, 31180, 8320, NULL, 0, 0, 0),
(232, '2009-10-01', 1, 5162, 524615, 92042, NULL, 0, 0, 0),
(233, '2009-10-01', 2, 5274, 259748, 76761, NULL, 0, 0, 0),
(234, '2009-10-01', 3, 5160, 319200, 44654, NULL, 0, 0, 0),
(235, '2009-10-01', 4, 6449, 432855, 76019, NULL, 0, 0, 0),
(236, '2009-10-01', 5, 5187, 304143, 128894, NULL, 0, 0, 0),
(237, '2009-10-01', 6, 4752, 326021, 6412, NULL, 0, 0, 0),
(238, '2009-10-01', 7, 5120, 192847, 6408, NULL, 0, 0, 0),
(239, '2009-10-01', 8, 6804, 7361, 210, NULL, 0, 0, 0),
(240, '2009-10-01', 9, 6272, 29666, 64860, NULL, 0, 0, 0),
(241, '2009-10-01', 10, 6542, 708, 491, NULL, 0, 0, 0),
(242, '2009-10-01', 11, 6209, 28746, 8162, NULL, 0, 0, 0),
(243, '2009-11-01', 1, 5173, 430801, 257353, NULL, 0, 0, 0),
(244, '2009-11-01', 2, 5256, 235069, 251110, NULL, 0, 0, 0),
(245, '2009-11-01', 3, 5178, 342631, 180928, NULL, 0, 0, 0),
(246, '2009-11-01', 4, 6318, 271995, 113236, NULL, 0, 0, 0),
(247, '2009-11-01', 5, 5166, 126633, 127074, NULL, 0, 0, 0),
(248, '2009-11-01', 6, 4756, 140954, 29410, NULL, 0, 0, 0),
(249, '2009-11-01', 7, 5120, 160160, 32322, NULL, 0, 0, 0),
(250, '2009-11-01', 8, 6804, 6797, 931, NULL, 0, 0, 0),
(251, '2009-11-01', 9, 6296, 7510, 36046, NULL, 0, 0, 0),
(252, '2009-11-01', 10, 6542, 3108, 673, NULL, 0, 0, 0),
(253, '2009-11-01', 11, 6000, 30723, 10338, NULL, 0, 0, 0),
(254, '2009-12-01', 1, 5244, 400050, 329541, NULL, 0, 0, 0),
(255, '2009-12-01', 2, 5393, 151843, 310428, NULL, 0, 0, 0),
(256, '2009-12-01', 3, 5348, 208559, 392352, NULL, 0, 0, 0),
(257, '2009-12-01', 4, 6392, 33150, 93116, NULL, 0, 0, 0),
(258, '2009-12-01', 5, 5166, 33333, 121111, NULL, 0, 0, 0),
(259, '2009-12-01', 6, 4836, 105052, 106346, NULL, 0, 0, 0),
(260, '2009-12-01', 7, 5155, 21584, 62275, NULL, 0, 0, 0),
(261, '2009-12-01', 8, 6813, 3525, 249, NULL, 0, 0, 0),
(262, '2009-12-01', 9, 6436, 860, 17664, NULL, 0, 0, 0),
(263, '2009-12-01', 10, 6583, 7919, 2756, NULL, 0, 0, 0),
(264, '2009-12-01', 11, 6136, 77886, 11589, NULL, 0, 0, 0),
(265, '2010-01-01', 1, 5643, 288448, 206084, NULL, 0, 0, 0),
(266, '2010-01-01', 2, 6073, 181926, 205647, NULL, 0, 0, 0),
(267, '2010-01-01', 3, 5880, 290528, 364201, NULL, 0, 0, 0),
(268, '2010-01-01', 4, 6597, 306108, 41207, NULL, 0, 0, 0),
(269, '2010-01-01', 5, 5787, 94560, 53061, NULL, 0, 0, 0),
(270, '2010-01-01', 6, 5165, 178952, 164555, NULL, 0, 0, 0),
(271, '2010-01-01', 7, 5253, 2787, 87877, NULL, 0, 0, 0),
(272, '2010-01-01', 8, 6884, 9358, 13613, NULL, 0, 0, 0),
(273, '2010-01-01', 9, 6599, 43139, 6629, NULL, 0, 0, 0),
(274, '2010-01-01', 10, 6751, 5641, 2231, NULL, 0, 0, 0),
(275, '2010-01-01', 11, 6346, 41665, 13252, NULL, 0, 0, 0),
(276, '2010-02-01', 1, 5939, 622012, 113830, NULL, 0, 0, 0),
(277, '2010-02-01', 2, 6255, 527075, 113546, NULL, 0, 0, 0),
(278, '2010-02-01', 3, 6017, 365453, 117155, NULL, 0, 0, 0),
(279, '2010-02-01', 4, 6533, 315427, 30131, NULL, 0, 0, 0),
(280, '2010-02-01', 5, 6448, 547738, 16004, NULL, 0, 0, 0),
(281, '2010-02-01', 6, 5441, 55290, 74459, NULL, 0, 0, 0),
(282, '2010-02-01', 7, 5332, 30840, 67916, NULL, 0, 0, 0),
(283, '2010-02-01', 8, 6884, 3801, 944, NULL, 0, 0, 0),
(284, '2010-02-01', 9, 6617, 145555, 12037, NULL, 0, 0, 0),
(285, '2010-02-01', 10, 7184, 2572, 406, NULL, 0, 0, 0),
(286, '2010-02-01', 11, 6717, 40874, 11046, NULL, 0, 0, 0),
(287, '2010-03-01', 1, 5650, 1739169, 141104, NULL, 0, 0, 0),
(288, '2010-03-01', 2, 5888, 1724231, 218825, NULL, 0, 0, 0),
(289, '2010-03-01', 3, 5697, 1480734, 134898, NULL, 0, 0, 0),
(290, '2010-03-01', 4, 6570, 469852, 37855, NULL, 0, 0, 0),
(291, '2010-03-01', 5, 6112, 540003, 17782, NULL, 0, 0, 0),
(292, '2010-03-01', 6, 5615, 253601, 39804, NULL, 0, 0, 0),
(293, '2010-03-01', 7, 5396, 155559, 96631, NULL, 0, 0, 0),
(294, '2010-03-01', 8, 6947, 16852, 1103, NULL, 0, 0, 0),
(295, '2010-03-01', 9, 6771, 80893, 43808, NULL, 0, 0, 0),
(296, '2010-03-01', 10, 7304, 3525, 678, NULL, 0, 0, 0),
(297, '2010-03-01', 11, 6661, 51771, 11128, NULL, 0, 0, 0),
(298, '2010-04-01', 1, 5610, 2227009, 229219, NULL, 0, 0, 0),
(299, '2010-04-01', 2, 5633, 2131534, 214182, NULL, 0, 0, 0),
(300, '2010-04-01', 3, 5472, 3211050, 266455, NULL, 0, 0, 0),
(301, '2010-04-01', 4, 6643, 386368, 45609, NULL, 0, 0, 0),
(302, '2010-04-01', 5, 5896, 514664, 49742, NULL, 0, 0, 0),
(303, '2010-04-01', 6, 5463, 917018, 83174, NULL, 0, 0, 0),
(304, '2010-04-01', 7, 5942, 299717, 56198, NULL, 0, 0, 0),
(305, '2010-04-01', 8, 6883, 4507, 1259, NULL, 0, 0, 0),
(306, '2010-04-01', 9, 6863, 39641, 24448, NULL, 0, 0, 0),
(307, '2010-04-01', 10, 7185, 14435, 3278, NULL, 0, 0, 0),
(308, '2010-04-01', 11, 6661, 58036, 13881, NULL, 0, 0, 0),
(309, '2010-05-01', 1, 5526, 1230674, 235581, NULL, 0, 0, 0),
(310, '2010-05-01', 2, 5585, 1076025, 159685, NULL, 0, 0, 0),
(311, '2010-05-01', 3, 5412, 1555631, 151420, NULL, 0, 0, 0),
(312, '2010-05-01', 4, 6687, 268530, 63330, NULL, 0, 0, 0),
(313, '2010-05-01', 5, 5765, 257076, 67727, NULL, 0, 0, 0),
(314, '2010-05-01', 6, 5407, 784592, 146628, NULL, 0, 0, 0),
(315, '2010-05-01', 7, 6529, 237154, 19722, NULL, 0, 0, 0),
(316, '2010-05-01', 8, 6883, 36602, 616, NULL, 0, 0, 0),
(317, '2010-05-01', 9, 7469, 11029, 17207, NULL, 0, 0, 0),
(318, '2010-05-01', 10, 7185, 9444, 2219, NULL, 0, 0, 0),
(319, '2010-05-01', 11, 6435, 56427, 9445, NULL, 0, 0, 0),
(320, '2010-06-01', 1, 5710, 679760, 134658, NULL, 0, 0, 0),
(321, '2010-06-01', 2, 5685, 594117, 82066, NULL, 0, 0, 0),
(322, '2010-06-01', 3, 5499, 500410, 88684, NULL, 0, 0, 0),
(323, '2010-06-01', 4, 6690, 196352, 67007, NULL, 0, 0, 0),
(324, '2010-06-01', 5, 5815, 77538, 102997, NULL, 0, 0, 0),
(325, '2010-06-01', 6, 5144, 355018, 120229, NULL, 0, 0, 0),
(326, '2010-06-01', 7, 6933, 183285, 20860, NULL, 0, 0, 0),
(327, '2010-06-01', 8, 6639, 2538, 3465, NULL, 0, 0, 0),
(328, '2010-06-01', 9, 7526, 20026, 8414, NULL, 0, 0, 0),
(329, '2010-06-01', 10, 7247, 1719, 1589, NULL, 0, 0, 0),
(330, '2010-06-01', 11, 6435, 47034, 9194, NULL, 0, 0, 0),
(331, '2010-07-01', 1, 5934, 842632, 136069, NULL, 0, 0, 0),
(332, '2010-07-01', 2, 6024, 1144977, 72589, NULL, 0, 0, 0),
(333, '2010-07-01', 3, 5970, 576197, 104563, NULL, 0, 0, 0),
(334, '2010-07-01', 4, 6836, 246686, 52170, NULL, 0, 0, 0),
(335, '2010-07-01', 5, 5981, 86152, 55433, NULL, 0, 0, 0),
(336, '2010-07-01', 6, 5186, 189784, 52785, NULL, 0, 0, 0),
(337, '2010-07-01', 7, 7419, 260778, 14157, NULL, 0, 0, 0),
(338, '2010-07-01', 8, 7100, 2966, 860, NULL, 0, 0, 0),
(339, '2010-07-01', 9, 7840, 72882, 3106, NULL, 0, 0, 0),
(340, '2010-07-01', 10, 7267, 2870, 5518, NULL, 0, 0, 0),
(341, '2010-07-01', 11, 6482, 47383, 9266, NULL, 0, 0, 0),
(342, '2010-08-01', 1, 6229, 1368830, 94785, NULL, 0, 0, 0),
(343, '2010-08-01', 2, 6349, 1120683, 58929, NULL, 0, 0, 0),
(344, '2010-08-01', 3, 6112, 1138123, 78704, NULL, 0, 0, 0),
(345, '2010-08-01', 4, 6907, 297216, 62492, NULL, 0, 0, 0),
(346, '2010-08-01', 5, 6159, 240995, 15096, NULL, 0, 0, 0),
(347, '2010-08-01', 6, 5422, 396571, 39040, NULL, 0, 0, 0),
(348, '2010-08-01', 7, 7539, 151662, 11716, NULL, 0, 0, 0),
(349, '2010-08-01', 8, 7159, 3385, 4446, NULL, 0, 0, 0),
(350, '2010-08-01', 9, 8124, 40674, 3603, NULL, 0, 0, 0),
(351, '2010-08-01', 10, 7449, 13876, 239, NULL, 0, 0, 0),
(352, '2010-08-01', 11, 6649, 59106, 7145, NULL, 0, 0, 0),
(353, '2010-09-01', 1, 6281, 1073290, 105647, NULL, 0, 0, 0),
(354, '2010-09-01', 2, 6536, 688872, 62448, NULL, 0, 0, 0),
(355, '2010-09-01', 3, 6147, 721448, 63440, NULL, 0, 0, 0),
(356, '2010-09-01', 4, 7013, 283244, 76584, NULL, 0, 0, 0),
(357, '2010-09-01', 5, 6249, 256510, 31489, NULL, 0, 0, 0),
(358, '2010-09-01', 6, 5309, 511656, 35561, NULL, 0, 0, 0),
(359, '2010-09-01', 7, 7790, 154413, 1503, NULL, 0, 0, 0),
(360, '2010-09-01', 8, 7159, 1483, 402, NULL, 0, 0, 0),
(361, '2010-09-01', 9, 8051, 104625, 10614, NULL, 0, 0, 0),
(362, '2010-09-01', 10, 7506, 6734, 1808, NULL, 0, 0, 0),
(363, '2010-09-01', 11, 6655, 48972, 11716, NULL, 0, 0, 0),
(364, '2010-10-01', 1, 6343, 613492, 178140, NULL, 0, 0, 0),
(365, '2010-10-01', 2, 6519, 354028, 206367, NULL, 0, 0, 0),
(366, '2010-10-01', 3, 6180, 422539, 131930, NULL, 0, 0, 0),
(367, '2010-10-01', 4, 7069, 299690, 75121, NULL, 0, 0, 0),
(368, '2010-10-01', 5, 6214, 390092, 102725, NULL, 0, 0, 0),
(369, '2010-10-01', 6, 5349, 419537, 58784, NULL, 0, 0, 0),
(370, '2010-10-01', 7, 7863, 163323, 1589, NULL, 0, 0, 0),
(371, '2010-10-01', 8, 7128, 8342, 734, NULL, 0, 0, 0),
(372, '2010-10-01', 9, 8227, 51160, 28893, NULL, 0, 0, 0),
(373, '2010-10-01', 10, 7576, 4822, 9, NULL, 0, 0, 0),
(374, '2010-10-01', 11, 6734, 47671, 9176, NULL, 0, 0, 0),
(375, '2010-11-01', 1, 6450, 619920, 258919, NULL, 0, 0, 0),
(376, '2010-11-01', 2, 6687, 313145, 360877, NULL, 0, 0, 0),
(377, '2010-11-01', 3, 6284, 498196, 431758, NULL, 0, 0, 0),
(378, '2010-11-01', 4, 7274, 233331, 93766, NULL, 0, 0, 0),
(379, '2010-11-01', 5, 6490, 209948, 132112, NULL, 0, 0, 0),
(380, '2010-11-01', 6, 5439, 184193, 91251, NULL, 0, 0, 0),
(381, '2010-11-01', 7, 8088, 110842, 21441, NULL, 0, 0, 0),
(382, '2010-11-01', 8, 7154, 2071, 1797, NULL, 0, 0, 0),
(383, '2010-11-01', 9, 8445, 18886, 35063, NULL, 0, 0, 0),
(384, '2010-11-01', 10, 7697, 16746, 1208, NULL, 0, 0, 0),
(385, '2010-11-01', 11, 6725, 48044, 7957, NULL, 0, 0, 0),
(386, '2010-12-01', 1, 6647, 431834, 279910, NULL, 0, 0, 0),
(387, '2010-12-01', 2, 6912, 254216, 202587, NULL, 0, 0, 0),
(388, '2010-12-01', 3, 6496, 374989, 351639, NULL, 0, 0, 0),
(389, '2010-12-01', 4, 7619, 279496, 96294, NULL, 0, 0, 0),
(390, '2010-12-01', 5, 6743, 57175, 112733, NULL, 0, 0, 0),
(391, '2010-12-01', 6, 5655, 136230, 151577, NULL, 0, 0, 0),
(392, '2010-12-01', 7, 8771, 91730, 67969, NULL, 0, 0, 0),
(393, '2010-12-01', 8, 7246, 10704, 4388, NULL, 0, 0, 0),
(394, '2010-12-01', 9, 8904, 21908, 14362, NULL, 0, 0, 0),
(395, '2010-12-01', 10, 7859, 725, 3810, NULL, 0, 0, 0),
(396, '2010-12-01', 11, 7232, 37047, 12968, NULL, 0, 0, 0),
(397, '2011-01-01', 1, 6806, 656600, 176936, NULL, 0, 0, 0),
(398, '2011-01-01', 2, 7073, 366638, 116841, NULL, 0, 0, 0),
(399, '2011-01-01', 3, 6601, 369609, 125375, NULL, 0, 0, 0),
(400, '2011-01-01', 4, 8391, 337819, 54965, NULL, 0, 0, 0),
(401, '2011-01-01', 5, 6911, 130571, 48125, NULL, 0, 0, 0),
(402, '2011-01-01', 6, 5916, 185016, 98866, NULL, 0, 0, 0),
(403, '2011-01-01', 7, 8966, 9118, 72250, NULL, 0, 0, 0),
(404, '2011-01-01', 8, 6971, 2172, 7095, NULL, 0, 0, 0),
(405, '2011-01-01', 9, 9301, 25131, 15398, NULL, 0, 0, 0),
(406, '2011-01-01', 10, 8026, 7543, 1061, NULL, 0, 0, 0),
(407, '2011-01-01', 11, 7242, 53328, 9626, NULL, 0, 0, 0),
(408, '2011-02-01', 1, 6640, 1107147, 130045, NULL, 0, 0, 0),
(409, '2011-02-01', 2, 6650, 1211598, 147214, NULL, 0, 0, 0),
(410, '2011-02-01', 3, 6250, 768640, 138765, NULL, 0, 0, 0),
(411, '2011-02-01', 4, 8570, 331366, 38313, NULL, 0, 0, 0),
(412, '2011-02-01', 5, 6878, 425955, 18640, NULL, 0, 0, 0),
(413, '2011-02-01', 6, 5885, 305840, 42002, NULL, 0, 0, 0),
(414, '2011-02-01', 7, 8993, 9639, 60249, NULL, 0, 0, 0),
(415, '2011-02-01', 8, 7040, 3966, 2950, NULL, 0, 0, 0),
(416, '2011-02-01', 9, 9196, 68412, 10852, NULL, 0, 0, 0),
(417, '2011-02-01', 10, 8080, 38, 74, NULL, 0, 0, 0),
(418, '2011-02-01', 11, 7242, 41767, 5521, NULL, 0, 0, 0),
(419, '2011-03-01', 1, 6366, 1609191, 134839, NULL, 0, 0, 0),
(420, '2011-03-01', 2, 6430, 2118740, 243600, NULL, 0, 0, 0),
(421, '2011-03-01', 3, 6104, 2515473, 263556, NULL, 0, 0, 0),
(422, '2011-03-01', 4, 8486, 413611, 39241, NULL, 0, 0, 0),
(423, '2011-03-01', 5, 6721, 547810, 26970, NULL, 0, 0, 0),
(424, '2011-03-01', 6, 5896, 474759, 37541, NULL, 0, 0, 0),
(425, '2011-03-01', 7, 8986, 130065, 82634, NULL, 0, 0, 0),
(426, '2011-03-01', 8, 6951, 9709, 1507, NULL, 0, 0, 0),
(427, '2011-03-01', 9, 9090, 83021, 28048, NULL, 0, 0, 0),
(428, '2011-03-01', 10, 8187, 5040, 46, NULL, 0, 0, 0),
(429, '2011-03-01', 11, 7255, 36218, 9571, NULL, 0, 0, 0),
(430, '2011-04-01', 1, 6168, 1739651, 189167, NULL, 0, 0, 0),
(431, '2011-04-01', 2, 6308, 1189406, 180507, NULL, 0, 0, 0),
(432, '2011-04-01', 3, 6083, 2048691, 194892, NULL, 0, 0, 0),
(433, '2011-04-01', 4, 8315, 424762, 45274, NULL, 0, 0, 0),
(434, '2011-04-01', 5, 6634, 467454, 51860, NULL, 0, 0, 0),
(435, '2011-04-01', 6, 5814, 788622, 55857, NULL, 0, 0, 0),
(436, '2011-04-01', 7, 8799, 412314, 67938, NULL, 0, 0, 0),
(437, '2011-04-01', 8, 7067, 23708, 491, NULL, 0, 0, 0),
(438, '2011-04-01', 9, 9101, 34006, 37983, NULL, 0, 0, 0),
(439, '2011-04-01', 10, 8214, 15896, 2901, NULL, 0, 0, 0),
(440, '2011-04-01', 11, 6951, 59027, 14156, NULL, 0, 0, 0),
(441, '2011-05-01', 1, 6194, 1109067, 212180, NULL, 0, 0, 0),
(442, '2011-05-01', 2, 6359, 556157, 107191, NULL, 0, 0, 0),
(443, '2011-05-01', 3, 6123, 552005, 88282, NULL, 0, 0, 0),
(444, '2011-05-01', 4, 8073, 316886, 67261, NULL, 0, 0, 0),
(445, '2011-05-01', 5, 6589, 273623, 67852, NULL, 0, 0, 0),
(446, '2011-05-01', 6, 5727, 662001, 184949, NULL, 0, 0, 0),
(447, '2011-05-01', 7, 8596, 227928, 34909, NULL, 0, 0, 0),
(448, '2011-05-01', 8, 6910, 32423, 3343, NULL, 0, 0, 0),
(449, '2011-05-01', 9, 9101, 93631, 24561, NULL, 0, 0, 0),
(450, '2011-05-01', 10, 8187, 5604, 1932, NULL, 0, 0, 0),
(451, '2011-05-01', 11, 6925, 54081, 15081, NULL, 0, 0, 0),
(452, '2011-06-01', 1, 6226, 815146, 161052, NULL, 0, 0, 0),
(453, '2011-06-01', 2, 6502, 700731, 64518, NULL, 0, 0, 0),
(454, '2011-06-01', 3, 6321, 610959, 61626, NULL, 0, 0, 0),
(455, '2011-06-01', 4, 8132, 220883, 77447, NULL, 0, 0, 0),
(456, '2011-06-01', 5, 6709, 105981, 103027, NULL, 0, 0, 0),
(457, '2011-06-01', 6, 5771, 281243, 117006, NULL, 0, 0, 0),
(458, '2011-06-01', 7, 8402, 190068, 27296, NULL, 0, 0, 0),
(459, '2011-06-01', 8, 6948, 13481, 2539, NULL, 0, 0, 0),
(460, '2011-06-01', 9, 9101, 65988, 4700, NULL, 0, 0, 0),
(461, '2011-06-01', 10, 8107, 391, 4105, NULL, 0, 0, 0),
(462, '2011-06-01', 11, 6953, 31018, 6689, NULL, 0, 0, 0),
(463, '2011-07-01', 1, 6562, 845196, 115853, NULL, 0, 0, 0),
(464, '2011-07-01', 2, 7071, 1159524, 60985, NULL, 0, 0, 0),
(465, '2011-07-01', 3, 7002, 1160392, 96317, NULL, 0, 0, 0),
(466, '2011-07-01', 4, 8158, 226233, 41891, NULL, 0, 0, 0),
(467, '2011-07-01', 5, 6671, 153343, 75704, NULL, 0, 0, 0),
(468, '2011-07-01', 6, 5815, 251372, 44780, NULL, 0, 0, 0),
(469, '2011-07-01', 7, 8245, 260686, 41589, NULL, 0, 0, 0),
(470, '2011-07-01', 8, 7098, 6887, 1140, NULL, 0, 0, 0),
(471, '2011-07-01', 9, 9135, 170552, 1559, NULL, 0, 0, 0),
(472, '2011-07-01', 10, 8132, 243, 1188, NULL, 0, 0, 0),
(473, '2011-07-01', 11, 7071, 53772, 5023, NULL, 0, 0, 0),
(474, '2011-08-01', 1, 6752, 1185733, 60388, NULL, 0, 0, 0),
(475, '2011-08-01', 2, 7245, 859204, 33507, NULL, 0, 0, 0),
(476, '2011-08-01', 3, 7190, 858076, 64904, NULL, 0, 0, 0),
(477, '2011-08-01', 4, 8179, 261015, 57042, NULL, 0, 0, 0),
(478, '2011-08-01', 5, 6792, 294860, 12050, NULL, 0, 0, 0),
(479, '2011-08-01', 6, 6060, 374015, 22456, NULL, 0, 0, 0),
(480, '2011-08-01', 7, 8351, 214324, 12309, NULL, 0, 0, 0),
(481, '2011-08-01', 8, 7299, 2244, 985, NULL, 0, 0, 0),
(482, '2011-08-01', 9, 9142, 230964, 1863, NULL, 0, 0, 0),
(483, '2011-08-01', 10, 8365, 15323, 3201, NULL, 0, 0, 0),
(484, '2011-08-01', 11, 7149, 79532, 12686, NULL, 0, 0, 0),
(485, '2011-09-01', 1, 6799, 990927, 65371, NULL, 0, 0, 0),
(486, '2011-09-01', 2, 7322, 495268, 30535, NULL, 0, 0, 0),
(487, '2011-09-01', 3, 7421, 480298, 37881, NULL, 0, 0, 0),
(488, '2011-09-01', 4, 8180, 296723, 71151, NULL, 0, 0, 0),
(489, '2011-09-01', 5, 6902, 311889, 31294, NULL, 0, 0, 0),
(490, '2011-09-01', 6, 6181, 2260172, 21909, NULL, 0, 0, 0),
(491, '2011-09-01', 7, 8270, 175643, 1165, NULL, 0, 0, 0),
(492, '2011-09-01', 8, 7299, 8704, 210, NULL, 0, 0, 0),
(493, '2011-09-01', 9, 9040, 69160, 21476, NULL, 0, 0, 0),
(494, '2011-09-01', 10, 8339, 6929, 1093, NULL, 0, 0, 0),
(495, '2011-09-01', 11, 7161, 71617, 12973, NULL, 0, 0, 0),
(496, '2011-10-01', 1, 6820, 752148, 56844, NULL, 0, 0, 0),
(497, '2011-10-01', 2, 7514, 298100, 73582, NULL, 0, 0, 0),
(498, '2011-10-01', 3, 7542, 335276, 42351, NULL, 0, 0, 0),
(499, '2011-10-01', 4, 8143, 341659, 77627, NULL, 0, 0, 0),
(500, '2011-10-01', 5, 6994, 473575, 143371, NULL, 0, 0, 0),
(501, '2011-10-01', 6, 6134, 1429874, 23191, NULL, 0, 0, 0),
(502, '2011-10-01', 7, 8257, 137339, 7922, NULL, 0, 0, 0),
(503, '2011-10-01', 8, 7444, 6611, 203, NULL, 0, 0, 0),
(504, '2011-10-01', 9, 8972, 13234, 49223, NULL, 0, 0, 0),
(505, '2011-10-01', 10, 8379, 14721, 2952, NULL, 0, 0, 0),
(506, '2011-10-01', 11, 7281, 31765, 3674, NULL, 0, 0, 0),
(507, '2011-11-01', 1, 6953, 541059, 222749, NULL, 0, 0, 0),
(508, '2011-11-01', 2, 7564, 281776, 293006, NULL, 0, 0, 0),
(509, '2011-11-01', 3, 7602, 524013, 293231, NULL, 0, 0, 0),
(510, '2011-11-01', 4, 8161, 184803, 118644, NULL, 0, 0, 0),
(511, '2011-11-01', 5, 7037, 347982, 136889, NULL, 0, 0, 0),
(512, '2011-11-01', 6, 6194, 547235, 70821, NULL, 0, 0, 0),
(513, '2011-11-01', 7, 8176, 209253, 29535, NULL, 0, 0, 0),
(514, '2011-11-01', 8, 7597, 2968, 2844, NULL, 0, 0, 0),
(515, '2011-11-01', 9, 8905, 4390, 35396, NULL, 0, 0, 0),
(516, '2011-11-01', 10, 8526, 4260, 2900, NULL, 0, 0, 0),
(517, '2011-11-01', 11, 7309, 23853, 10707, NULL, 0, 0, 0),
(518, '2011-12-01', 1, 7040, 282025, 382951, NULL, 0, 0, 0),
(519, '2011-12-01', 2, 7685, 154816, 492960, NULL, 0, 0, 0),
(520, '2011-12-01', 3, 7724, 353110, 492960, NULL, 0, 0, 0),
(521, '2011-12-01', 4, 8415, 251642, 86776, NULL, 0, 0, 0),
(522, '2011-12-01', 5, 7147, 55389, 91584, NULL, 0, 0, 0),
(523, '2011-12-01', 6, 6460, 274424, 211486, NULL, 0, 0, 0),
(524, '2011-12-01', 7, 8179, 61932, 69532, NULL, 0, 0, 0),
(525, '2011-12-01', 8, 7753, 2565, 3784, NULL, 0, 0, 0),
(526, '2011-12-01', 9, 8952, 5246, 14374, NULL, 0, 0, 0),
(527, '2011-12-01', 10, 8633, 11480, 1882, NULL, 0, 0, 0),
(528, '2011-12-01', 11, 7435, 60244, 15920, NULL, 0, 0, 0),
(529, '2012-01-01', 1, 7242, 446814, 222048, NULL, 0, 0, 0),
(530, '2012-01-01', 2, 7903, 172617, 153287, NULL, 0, 0, 0),
(531, '2012-01-01', 3, 7765, 275769, 208764, NULL, 0, 0, 0),
(532, '2012-01-01', 4, 8415, 299054, 37853, NULL, 0, 0, 0),
(533, '2012-01-01', 5, 7173, 138582, 49599, NULL, 0, 0, 0),
(534, '2012-01-01', 6, 6460, 141664, 124940, NULL, 0, 0, 0),
(535, '2012-01-01', 7, 8253, 5404, 77663, NULL, 0, 0, 0),
(536, '2012-01-01', 8, 8141, 963, 8454, NULL, 0, 0, 0),
(537, '2012-01-01', 9, 8985, 51723, 7515, NULL, 0, 0, 0),
(538, '2012-01-01', 10, 8739, 4923, 1001, NULL, 0, 0, 0),
(539, '2012-01-01', 11, 7587, 57283, 17904, NULL, 0, 0, 0),
(540, '2012-02-01', 1, 7379, 388532, 105671, NULL, 0, 0, 0),
(541, '2012-02-01', 2, 7887, 415966, 112110, NULL, 0, 0, 0),
(542, '2012-02-01', 3, 7791, 308310, 84984, NULL, 0, 0, 0),
(543, '2012-02-01', 4, 8417, 326273, 37415, NULL, 0, 0, 0),
(544, '2012-02-01', 5, 7287, 634901, 19467, NULL, 0, 0, 0),
(545, '2012-02-01', 6, 6591, 149953, 42919, NULL, 0, 0, 0),
(546, '2012-02-01', 7, 8292, 36750, 65360, NULL, 0, 0, 0),
(547, '2012-02-01', 8, 8100, 931, 5420, NULL, 0, 0, 0),
(548, '2012-02-01', 9, 8977, 118548, 11117, NULL, 0, 0, 0),
(549, '2012-02-01', 10, 8860, 13297, 664, NULL, 0, 0, 0),
(550, '2012-02-01', 11, 7647, 16223, 7772, NULL, 0, 0, 0),
(551, '2012-03-01', 1, 7194, 1522501, 102665, NULL, 0, 0, 0),
(552, '2012-03-01', 2, 7655, 1656392, 234041, NULL, 0, 0, 0),
(553, '2012-03-01', 3, 7603, 2134683, 205223, NULL, 0, 0, 0),
(554, '2012-03-01', 4, 8423, 498671, 42049, NULL, 0, 0, 0),
(555, '2012-03-01', 5, 7209, 606196, 20513, NULL, 0, 0, 0),
(556, '2012-03-01', 6, 6660, 457929, 31796, NULL, 0, 0, 0),
(557, '2012-03-01', 7, 8278, 137011, 84030, NULL, 0, 0, 0),
(558, '2012-03-01', 8, 8165, 13037, 1663, NULL, 0, 0, 0),
(559, '2012-03-01', 9, 8850, 85247, 28586, NULL, 0, 0, 0),
(560, '2012-03-01', 10, 8961, 13063, 43, NULL, 0, 0, 0),
(561, '2012-03-01', 11, 7574, 47277, 6958, NULL, 0, 0, 0),
(562, '2012-04-01', 1, 7030, 2617491, 226562, NULL, 0, 0, 0),
(563, '2012-04-01', 2, 7578, 2786753, 207330, NULL, 0, 0, 0),
(564, '2012-04-01', 3, 7494, 3588683, 270415, NULL, 0, 0, 0),
(565, '2012-04-01', 4, 8428, 364727, 53289, NULL, 0, 0, 0),
(566, '2012-04-01', 5, 7308, 405569, 52630, NULL, 0, 0, 0),
(567, '2012-04-01', 6, 6620, 1367471, 96877, NULL, 0, 0, 0),
(568, '2012-04-01', 7, 8137, 322555, 65749, NULL, 0, 0, 0),
(569, '2012-04-01', 8, 8277, 17345, 311, NULL, 0, 0, 0),
(570, '2012-04-01', 9, 8879, 34618, 57988, NULL, 0, 0, 0),
(571, '2012-04-01', 10, 8918, 8477, 3202, NULL, 0, 0, 0),
(572, '2012-04-01', 11, 7657, 70296, 10213, NULL, 0, 0, 0),
(573, '2012-05-01', 1, 6947, 1362417, 254944, NULL, 0, 0, 0),
(574, '2012-05-01', 2, 7484, 821815, 140125, NULL, 0, 0, 0),
(575, '2012-05-01', 3, 7473, 1119125, 127156, NULL, 0, 0, 0),
(576, '2012-05-01', 4, 8301, 264497, 74428, NULL, 0, 0, 0),
(577, '2012-05-01', 5, 7264, 287616, 82515, NULL, 0, 0, 0),
(578, '2012-05-01', 6, 6522, 795507, 205064, NULL, 0, 0, 0),
(579, '2012-05-01', 7, 8153, 291045, 26503, NULL, 0, 0, 0),
(580, '2012-05-01', 8, 8212, 28804, 844, NULL, 0, 0, 0),
(581, '2012-05-01', 9, 8791, 25545, 25385, NULL, 0, 0, 0),
(582, '2012-05-01', 10, 8904, 5598, 4604, NULL, 0, 0, 0),
(583, '2012-05-01', 11, 7542, 95601, 13938, NULL, 0, 0, 0),
(584, '2012-06-01', 1, 6971, 648364, 135609, NULL, 0, 0, 0),
(585, '2012-06-01', 2, 7503, 601053, 81162, NULL, 0, 0, 0),
(586, '2012-06-01', 3, 7537, 455575, 75648, NULL, 0, 0, 0),
(587, '2012-06-01', 4, 8325, 261436, 73616, NULL, 0, 0, 0),
(588, '2012-06-01', 5, 7253, 112886, 105430, NULL, 0, 0, 0),
(589, '2012-06-01', 6, 6438, 273270, 96594, NULL, 0, 0, 0),
(590, '2012-06-01', 7, 8193, 244939, 20015, NULL, 0, 0, 0),
(591, '2012-06-01', 8, 8225, 18467, 8939, NULL, 0, 0, 0),
(592, '2012-06-01', 9, 8791, 37789, 3633, NULL, 0, 0, 0),
(593, '2012-06-01', 10, 8943, 3713, 1468, NULL, 0, 0, 0),
(594, '2012-06-01', 11, 7518, 41500, 7008, NULL, 0, 0, 0),
(595, '2012-07-01', 1, 7027, 629920, 110371, NULL, 0, 0, 0),
(596, '2012-07-01', 2, 7564, 1254760, 72876, NULL, 0, 0, 0),
(597, '2012-07-01', 3, 7577, 1100143, 82790, NULL, 0, 0, 0),
(598, '2012-07-01', 4, 8320, 293816, 41971, NULL, 0, 0, 0),
(599, '2012-07-01', 5, 7273, 118951, 45335, NULL, 0, 0, 0),
(600, '2012-07-01', 6, 6478, 202449, 38202, NULL, 0, 0, 0),
(601, '2012-07-01', 7, 8135, 314906, 23189, NULL, 0, 0, 0),
(602, '2012-07-01', 8, 8273, 5666, 3840, NULL, 0, 0, 0),
(603, '2012-07-01', 9, 8754, 97170, 2441, NULL, 0, 0, 0),
(604, '2012-07-01', 10, 9092, 240, 968, NULL, 0, 0, 0),
(605, '2012-07-01', 11, 7610, 37153, 7380, NULL, 0, 0, 0),
(606, '2012-08-01', 1, 7113, 1390114, 68651, NULL, 0, 0, 0),
(607, '2012-08-01', 2, 7616, 1111554, 44070, NULL, 0, 0, 0),
(608, '2012-08-01', 3, 7622, 1449618, 61769, NULL, 0, 0, 0),
(609, '2012-08-01', 4, 8424, 372356, 49249, NULL, 0, 0, 0),
(610, '2012-08-01', 5, 7300, 305192, 8180, NULL, 0, 0, 0),
(611, '2012-08-01', 6, 6466, 616827, 29232, NULL, 0, 0, 0),
(612, '2012-08-01', 7, 8071, 246397, 14303, NULL, 0, 0, 0),
(613, '2012-08-01', 8, 8334, 1060, 253, NULL, 0, 0, 0),
(614, '2012-08-01', 9, 8783, 197114, 1175, NULL, 0, 0, 0),
(615, '2012-08-01', 10, 9092, 17906, 153, NULL, 0, 0, 0),
(616, '2012-08-01', 11, 7600, 54534, 12372, NULL, 0, 0, 0),
(617, '2012-09-01', 1, 7072, 1014139, 60463, NULL, 0, 0, 0),
(618, '2012-09-01', 2, 7585, 584981, 31007, NULL, 0, 0, 0),
(619, '2012-09-01', 3, 7622, 646757, 39612, NULL, 0, 0, 0),
(620, '2012-09-01', 4, 8465, 321859, 76023, NULL, 0, 0, 0),
(621, '2012-09-01', 5, 7391, 234208, 19848, NULL, 0, 0, 0),
(622, '2012-09-01', 6, 6405, 554447, 24149, NULL, 0, 0, 0),
(623, '2012-09-01', 7, 8079, 153703, 290, NULL, 0, 0, 0),
(624, '2012-09-01', 8, 8322, 3148, 1046, NULL, 0, 0, 0),
(625, '2012-09-01', 9, 8783, 83818, 15206, NULL, 0, 0, 0),
(626, '2012-09-01', 10, 9077, 10915, 4, NULL, 0, 0, 0),
(627, '2012-09-01', 11, 7571, 66850, 12731, NULL, 0, 0, 0),
(628, '2012-10-01', 1, 7073, 539438, 81077, NULL, 0, 0, 0),
(629, '2012-10-01', 2, 7543, 338827, 64634, NULL, 0, 0, 0),
(630, '2012-10-01', 3, 7629, 384771, 46306, NULL, 0, 0, 0),
(631, '2012-10-01', 4, 8510, 318348, 85929, NULL, 0, 0, 0),
(632, '2012-10-01', 5, 7381, 299249, 113667, NULL, 0, 0, 0),
(633, '2012-10-01', 6, 6460, 261168, 24295, NULL, 0, 0, 0),
(634, '2012-10-01', 7, 8072, 116076, 2522, NULL, 0, 0, 0),
(635, '2012-10-01', 8, 8298, 33344, 587, NULL, 0, 0, 0),
(636, '2012-10-01', 9, 8744, 11996, 66127, NULL, 0, 0, 0),
(637, '2012-10-01', 10, 9103, 3480, 1490, NULL, 0, 0, 0),
(638, '2012-10-01', 11, 7741, 33612, 8708, NULL, 0, 0, 0),
(639, '2012-11-01', 1, 7109, 439044, 240507, NULL, 0, 0, 0),
(640, '2012-11-01', 2, 7571, 304236, 269298, NULL, 0, 0, 0),
(641, '2012-11-01', 3, 7621, 421097, 229481, NULL, 0, 0, 0),
(642, '2012-11-01', 4, 8586, 181501, 107720, NULL, 0, 0, 0),
(643, '2012-11-01', 5, 7471, 128678, 144138, NULL, 0, 0, 0),
(644, '2012-11-01', 6, 6502, 103290, 69520, NULL, 0, 0, 0),
(645, '2012-11-01', 7, 8049, 134484, 27714, NULL, 0, 0, 0),
(646, '2012-11-01', 8, 8298, 14324, 200, NULL, 0, 0, 0),
(647, '2012-11-01', 9, 8737, 8060, 49790, NULL, 0, 0, 0),
(648, '2012-11-01', 10, 9143, 2295, 995, NULL, 0, 0, 0),
(649, '2012-11-01', 11, 7695, 35396, 6811, NULL, 0, 0, 0),
(650, '2012-12-01', 1, 7153, 273086, 363323, NULL, 0, 0, 0),
(651, '2012-12-01', 2, 7730, 183979, 378589, NULL, 0, 0, 0),
(652, '2012-12-01', 3, 7680, 314177, 493477, NULL, 0, 0, 0),
(653, '2012-12-01', 4, 8764, 212974, 89632, NULL, 0, 0, 0),
(654, '2012-12-01', 5, 7496, 23218, 126063, NULL, 0, 0, 0),
(655, '2012-12-01', 6, 6456, 79037, 169902, NULL, 0, 0, 0),
(656, '2012-12-01', 7, 8049, 82950, 84224, NULL, 0, 0, 0),
(657, '2012-12-01', 8, 8343, 944, 1268, NULL, 0, 0, 0),
(658, '2012-12-01', 9, 8692, 3880, 17154, NULL, 0, 0, 0),
(659, '2012-12-01', 10, 9351, 363, 4059, NULL, 0, 0, 0),
(660, '2012-12-01', 11, 7761, 59339, 16782, NULL, 0, 0, 0),
(661, '2013-01-01', 1, 7272, 412454, 216940, NULL, 0, 0, 0),
(662, '2013-01-01', 2, 7761, 209283, 174025, NULL, 0, 0, 0),
(663, '2013-01-01', 3, 7764, 299669, 275228, NULL, 0, 0, 0),
(664, '2013-01-01', 4, 8854, 318082, 32990, NULL, 0, 0, 0),
(665, '2013-01-01', 5, 7541, 93090, 44329, NULL, 0, 0, 0),
(666, '2013-01-01', 6, 6544, 164504, 143328, NULL, 0, 0, 0),
(667, '2013-01-01', 7, 8088, 1470, 73564, NULL, 0, 0, 0),
(668, '2013-01-01', 8, 9391, 6089, 8466, NULL, 0, 0, 0),
(669, '2013-01-01', 9, 8692, 32168, 6600, NULL, 0, 0, 0),
(670, '2013-01-01', 10, 10006, 24, 3844, NULL, 0, 0, 0),
(671, '2013-01-01', 11, 7761, 58843, 6461, NULL, 0, 0, 0),
(672, '2013-02-01', 1, 7326, 553074, 112426, NULL, 0, 0, 0),
(673, '2013-02-01', 2, 7752, 436249, 94037, NULL, 0, 0, 0),
(674, '2013-02-01', 3, 7776, 350310, 76321, NULL, 0, 0, 0),
(675, '2013-02-01', 4, 8932, 359529, 25887, NULL, 0, 0, 0),
(676, '2013-02-01', 5, 7651, 533117, 23934, NULL, 0, 0, 0),
(677, '2013-02-01', 6, 6572, 165499, 43026, NULL, 0, 0, 0),
(678, '2013-02-01', 7, 8088, 12783, 56450, NULL, 0, 0, 0),
(679, '2013-02-01', 8, 9605, 3417, 9364, NULL, 0, 0, 0),
(680, '2013-02-01', 9, 8772, 139891, 15761, NULL, 0, 0, 0),
(681, '2013-02-01', 10, 9915, 8859, 2310, NULL, 0, 0, 0),
(682, '2013-02-01', 11, 7761, 40249, 5970, NULL, 0, 0, 0),
(683, '2013-03-01', 1, 7227, 1640640, 112955, NULL, 0, 0, 0),
(684, '2013-03-01', 2, 7627, 1817635, 190385, NULL, 0, 0, 0),
(685, '2013-03-01', 3, 7658, 1736047, 154138, NULL, 0, 0, 0),
(686, '2013-03-01', 4, 8905, 450703, 39476, NULL, 0, 0, 0),
(687, '2013-03-01', 5, 7528, 676031, 15939, NULL, 0, 0, 0),
(688, '2013-03-01', 6, 6567, 473574, 33406, NULL, 0, 0, 0),
(689, '2013-03-01', 7, 8095, 140466, 93804, NULL, 0, 0, 0),
(690, '2013-03-01', 8, 9582, 1164, 3984, NULL, 0, 0, 0),
(691, '2013-03-01', 9, 8800, 105330, 32679, NULL, 0, 0, 0),
(692, '2013-03-01', 10, 9955, 5916, 7, NULL, 0, 0, 0),
(693, '2013-03-01', 11, 7761, 31481, 8431, NULL, 0, 0, 0),
(694, '2013-04-01', 1, 7175, 2478440, 225483, NULL, 0, 0, 0),
(695, '2013-04-01', 2, 7539, 2555298, 247695, NULL, 0, 0, 0),
(696, '2013-04-01', 3, 7570, 3733204, 306006, NULL, 0, 0, 0),
(697, '2013-04-01', 4, 8954, 375023, 54056, NULL, 0, 0, 0),
(698, '2013-04-01', 5, 7455, 591256, 58182, NULL, 0, 0, 0),
(699, '2013-04-01', 6, 6529, 1157381, 55088, NULL, 0, 0, 0),
(700, '2013-04-01', 7, 8090, 426882, 59026, NULL, 0, 0, 0),
(701, '2013-04-01', 8, 9582, 7382, 902, NULL, 0, 0, 0),
(702, '2013-04-01', 9, 8813, 36289, 35333, NULL, 0, 0, 0),
(703, '2013-04-01', 10, 10042, 24134, 103, NULL, 0, 0, 0),
(704, '2013-04-01', 11, 7787, 77567, 17556, NULL, 0, 0, 0),
(705, '2013-05-01', 1, 7078, 1345063, 247383, NULL, 0, 0, 0),
(706, '2013-05-01', 2, 7581, 908867, 171319, NULL, 0, 0, 0),
(707, '2013-05-01', 3, 7613, 1317622, 149705, NULL, 0, 0, 0),
(708, '2013-05-01', 4, 8964, 243735, 72655, NULL, 0, 0, 0),
(709, '2013-05-01', 5, 7334, 294518, 98183, NULL, 0, 0, 0),
(710, '2013-05-01', 6, 6508, 906586, 243582, NULL, 0, 0, 0),
(711, '2013-05-01', 7, 8003, 221373, 27975, NULL, 0, 0, 0),
(712, '2013-05-01', 8, 9582, 35388, 961, NULL, 0, 0, 0),
(713, '2013-05-01', 9, 8870, 18268, 23303, NULL, 0, 0, 0),
(714, '2013-05-01', 10, 10042, 11486, 732, NULL, 0, 0, 0),
(715, '2013-05-01', 11, 7812, 39200, 10199, NULL, 0, 0, 0),
(716, '2013-06-01', 1, 7203, 697059, 143133, NULL, 0, 0, 0),
(717, '2013-06-01', 2, 7737, 491120, 88975, NULL, 0, 0, 0),
(718, '2013-06-01', 3, 7712, 365378, 87331, NULL, 0, 0, 0),
(719, '2013-06-01', 4, 8930, 191257, 71575, NULL, 0, 0, 0),
(720, '2013-06-01', 5, 7383, 159015, 105462, NULL, 0, 0, 0),
(721, '2013-06-01', 6, 6560, 272150, 129967, NULL, 0, 0, 0),
(722, '2013-06-01', 7, 8003, 169872, 20713, NULL, 0, 0, 0),
(723, '2013-06-01', 8, 9713, 39142, 9517, NULL, 0, 0, 0),
(724, '2013-06-01', 9, 8841, 43624, 6787, NULL, 0, 0, 0),
(725, '2013-06-01', 10, 10042, 6902, 5598, NULL, 0, 0, 0),
(726, '2013-06-01', 11, 7862, 36221, 11719, NULL, 0, 0, 0),
(727, '2013-07-01', 1, 7282, 700339, 132867, NULL, 0, 0, 0),
(728, '2013-07-01', 2, 7904, 994309, 83114, NULL, 0, 0, 0),
(729, '2013-07-01', 3, 7902, 737918, 105546, NULL, 0, 0, 0),
(730, '2013-07-01', 4, 8997, 291654, 44594, NULL, 0, 0, 0),
(731, '2013-07-01', 5, 7420, 105897, 40284, NULL, 0, 0, 0),
(732, '2013-07-01', 6, 6507, 211301, 35354, NULL, 0, 0, 0),
(733, '2013-07-01', 7, 8003, 282280, 13943, NULL, 0, 0, 0),
(734, '2013-07-01', 8, 9713, 16653, 4011, NULL, 0, 0, 0),
(735, '2013-07-01', 9, 8892, 90450, 801, NULL, 0, 0, 0),
(736, '2013-07-01', 10, 10220, 21, 4469, NULL, 0, 0, 0),
(737, '2013-07-01', 11, 7936, 51153, 9811, NULL, 0, 0, 0),
(738, '2013-08-01', 1, 7317, 1398031, 102240, NULL, 0, 0, 0),
(739, '2013-08-01', 2, 7898, 1293617, 53865, NULL, 0, 0, 0),
(740, '2013-08-01', 3, 7911, 1464968, 88684, NULL, 0, 0, 0),
(741, '2013-08-01', 4, 9077, 399373, 38622, NULL, 0, 0, 0),
(742, '2013-08-01', 5, 7479, 386556, 17579, NULL, 0, 0, 0),
(743, '2013-08-01', 6, 6507, 348446, 29615, NULL, 0, 0, 0),
(744, '2013-08-01', 7, 8079, 177624, 11946, NULL, 0, 0, 0),
(745, '2013-08-01', 8, 9713, 3770, 1672, NULL, 0, 0, 0),
(746, '2013-08-01', 9, 9022, 97796, 2866, NULL, 0, 0, 0),
(747, '2013-08-01', 10, 10282, 308, 865, NULL, 0, 0, 0),
(748, '2013-08-01', 11, 8076, 106516, 11832, NULL, 0, 0, 0),
(749, '2013-09-01', 1, 7317, 1130131, 65581, NULL, 0, 0, 0),
(750, '2013-09-01', 2, 7909, 706557, 42108, NULL, 0, 0, 0),
(751, '2013-09-01', 3, 7970, 709612, 43454, NULL, 0, 0, 0),
(752, '2013-09-01', 4, 9060, 350709, 74568, NULL, 0, 0, 0),
(753, '2013-09-01', 5, 7529, 314342, 21066, NULL, 0, 0, 0),
(754, '2013-09-01', 6, 6313, 742319, 37853, NULL, 0, 0, 0),
(755, '2013-09-01', 7, 8079, 224424, 11210, NULL, 0, 0, 0),
(756, '2013-09-01', 8, 9713, 3377, 766, NULL, 0, 0, 0),
(757, '2013-09-01', 9, 9062, 171775, 15279, NULL, 0, 0, 0),
(758, '2013-09-01', 10, 10394, 2773, 45, NULL, 0, 0, 0),
(759, '2013-09-01', 11, 8076, 46158, 10075, NULL, 0, 0, 0),
(760, '2013-10-01', 1, 7385, 653881, 81148, NULL, 0, 0, 0),
(761, '2013-10-01', 2, 7970, 366952, 71027, NULL, 0, 0, 0),
(762, '2013-10-01', 3, 8022, 413955, 45367, NULL, 0, 0, 0),
(763, '2013-10-01', 4, 9110, 345496, 94773, NULL, 0, 0, 0),
(764, '2013-10-01', 5, 7504, 337646, 97972, NULL, 0, 0, 0),
(765, '2013-10-01', 6, 6372, 396076, 21705, NULL, 0, 0, 0),
(766, '2013-10-01', 7, 8118, 166166, 3748, NULL, 0, 0, 0),
(767, '2013-10-01', 8, 9713, 33440, 1546, NULL, 0, 0, 0),
(768, '2013-10-01', 9, 8992, 50029, 47214, NULL, 0, 0, 0),
(769, '2013-10-01', 10, 10282, 21206, 112, NULL, 0, 0, 0),
(770, '2013-10-01', 11, 8046, 53037, 9688, NULL, 0, 0, 0),
(771, '2013-11-01', 1, 7353, 606982, 183321, NULL, 0, 0, 0),
(772, '2013-11-01', 2, 8009, 342780, 234924, NULL, 0, 0, 0),
(773, '2013-11-01', 3, 8074, 500295, 208906, NULL, 0, 0, 0),
(774, '2013-11-01', 4, 9144, 215257, 9906, NULL, 0, 0, 0),
(775, '2013-11-01', 5, 7542, 128973, 144061, NULL, 0, 0, 0),
(776, '2013-11-01', 6, 6382, 107742, 73046, NULL, 0, 0, 0),
(777, '2013-11-01', 7, 8107, 111855, 23892, NULL, 0, 0, 0),
(778, '2013-11-01', 8, 9797, 14093, 1176, NULL, 0, 0, 0),
(779, '2013-11-01', 9, 9041, 5904, 36440, NULL, 0, 0, 0),
(780, '2013-11-01', 10, 10339, 16929, 4517, NULL, 0, 0, 0),
(781, '2013-11-01', 11, 8109, 44402, 6398, NULL, 0, 0, 0),
(782, '2013-12-01', 1, 7349, 467068, 364507, NULL, 0, 0, 0),
(783, '2013-12-01', 2, 8090, 222151, 364507, NULL, 0, 0, 0),
(784, '2013-12-01', 3, 8088, 420368, 535834, NULL, 0, 0, 0),
(785, '2013-12-01', 4, 9248, 186430, 90793, NULL, 0, 0, 0),
(786, '2013-12-01', 5, 7667, 56281, 119322, NULL, 0, 0, 0),
(787, '2013-12-01', 6, 6403, 90252, 190144, NULL, 0, 0, 0),
(788, '2013-12-01', 7, 8119, 95835, 71339, NULL, 0, 0, 0),
(789, '2013-12-01', 8, 9894, 5875, 11619, NULL, 0, 0, 0),
(790, '2013-12-01', 9, 9041, 21126, 23486, NULL, 0, 0, 0),
(791, '2013-12-01', 10, 10427, 3277, 5468, NULL, 0, 0, 0),
(792, '2013-12-01', 11, 7959, 53548, 19471, NULL, 0, 0, 0),
(793, '2014-01-01', 1, 7421, 422092, 245689, NULL, 0, 0, 0),
(794, '2014-01-01', 2, 8204, 262641, 216768, NULL, 0, 0, 0),
(795, '2014-01-01', 3, 8143, 326419, 278425, NULL, 0, 0, 0),
(796, '2014-01-01', 4, 9301, 420184, 36608, NULL, 0, 0, 0),
(797, '2014-01-01', 5, 7687, 94495, 56485, NULL, 0, 0, 0),
(798, '2014-01-01', 6, 6465, 255238, 137088, NULL, 0, 0, 0),
(799, '2014-01-01', 7, 8119, 57859, 78386, NULL, 0, 0, 0),
(800, '2014-01-01', 8, 9620, 3096, 6526, NULL, 0, 0, 0),
(801, '2014-01-01', 9, 9152, 40598, 7592, NULL, 0, 0, 0),
(802, '2014-01-01', 10, 10672, 278, 2189, NULL, 0, 0, 0),
(803, '2014-01-01', 11, 7989, 46071, 4599, NULL, 0, 0, 0),
(804, '2014-02-01', 1, 7515, 522284, 120827, NULL, 0, 0, 0),
(805, '2014-02-01', 2, 8276, 443017, 87644, NULL, 0, 0, 0),
(806, '2014-02-01', 3, 8194, 340789, 75281, NULL, 0, 0, 0),
(807, '2014-02-01', 4, 9316, 534037, 28628, NULL, 0, 0, 0),
(808, '2014-02-01', 5, 7887, 439471, 17926, NULL, 0, 0, 0),
(809, '2014-02-01', 6, 6473, 146354, 58716, NULL, 0, 0, 0),
(810, '2014-02-01', 7, 8183, 19345, 47865, NULL, 0, 0, 0),
(811, '2014-02-01', 8, 9805, 6249, 2340, NULL, 0, 0, 0),
(812, '2014-02-01', 9, 9114, 125453, 11317, NULL, 0, 0, 0),
(813, '2014-02-01', 10, 10720, 693, 601, NULL, 0, 0, 0),
(814, '2014-02-01', 11, 8036, 44301, 18973, NULL, 0, 0, 0),
(815, '2014-03-01', 1, 7646, 1179889, 124884, NULL, 0, 0, 0),
(816, '2014-03-01', 2, 8302, 1465293, 187157, NULL, 0, 0, 0),
(817, '2014-03-01', 3, 8219, 1569267, 143896, NULL, 0, 0, 0),
(818, '2014-03-01', 4, 9240, 55819, 32125, NULL, 0, 0, 0),
(819, '2014-03-01', 5, 7799, 646211, 19652, NULL, 0, 0, 0),
(820, '2014-03-01', 6, 7221, 492539, 36649, NULL, 0, 0, 0),
(821, '2014-03-01', 7, 8244, 123315, 82894, NULL, 0, 0, 0),
(822, '2014-03-01', 8, 9892, 4753, 642, NULL, 0, 0, 0),
(823, '2014-03-01', 9, 9117, 96825, 24277, NULL, 0, 0, 0),
(824, '2014-03-01', 10, 10720, 27954, 6, NULL, 0, 0, 0),
(825, '2014-03-01', 11, 8091, 29256, 9211, NULL, 0, 0, 0),
(826, '2014-04-01', 1, 7596, 2346036, 196627, NULL, 0, 0, 0),
(827, '2014-04-01', 2, 8097, 2273542, 223601, NULL, 0, 0, 0),
(828, '2014-04-01', 3, 8001, 4025096, 330917, NULL, 0, 0, 0),
(829, '2014-04-01', 4, 9303, 511610, 61251, NULL, 0, 0, 0),
(830, '2014-04-01', 5, 7593, 535240, 52206, NULL, 0, 0, 0),
(831, '2014-04-01', 6, 7103, 1282116, 50148, NULL, 0, 0, 0),
(832, '2014-04-01', 7, 8314, 368204, 77500, NULL, 0, 0, 0),
(833, '2014-04-01', 8, 9957, 46962, 2380, NULL, 0, 0, 0),
(834, '2014-04-01', 9, 9239, 62405, 42293, NULL, 0, 0, 0),
(835, '2014-04-01', 10, 10751, 33840, 166, NULL, 0, 0, 0),
(836, '2014-04-01', 11, 8042, 89036, 16862, NULL, 0, 0, 0),
(837, '2014-05-01', 1, 7553, 1462410, 218754, NULL, 0, 0, 0),
(838, '2014-05-01', 2, 8028, 1051832, 166457, NULL, 0, 0, 0),
(839, '2014-05-01', 3, 7979, 1385256, 151986, NULL, 0, 0, 0),
(840, '2014-05-01', 4, 9262, 239276, 50296, NULL, 0, 0, 0),
(841, '2014-05-01', 5, 7506, 338307, 97359, NULL, 0, 0, 0),
(842, '2014-05-01', 6, 7031, 943646, 267073, NULL, 0, 0, 0),
(843, '2014-05-01', 7, 8532, 229731, 36354, NULL, 0, 0, 0),
(844, '2014-05-01', 8, 10000, 39025, 11361, NULL, 0, 0, 0),
(845, '2014-05-01', 9, 9399, 27077, 25072, NULL, 0, 0, 0),
(846, '2014-05-01', 10, 10751, 16728, 1966, NULL, 0, 0, 0),
(847, '2014-05-01', 11, 8116, 22428, 10024, NULL, 0, 0, 0),
(848, '2014-06-01', 1, 7557, 719196, 195425, NULL, 0, 0, 0),
(849, '2014-06-01', 2, 8048, 425279, 114965, NULL, 0, 0, 0),
(850, '2014-06-01', 3, 8002, 374548, 89282, NULL, 0, 0, 0),
(851, '2014-06-01', 4, 9210, 187117, 66156, NULL, 0, 0, 0),
(852, '2014-06-01', 5, 7442, 107365, 129430, NULL, 0, 0, 0),
(853, '2014-06-01', 6, 7064, 404172, 114139, NULL, 0, 0, 0),
(854, '2014-06-01', 7, 8606, 140281, 20629, NULL, 0, 0, 0),
(855, '2014-06-01', 8, 10263, 13993, 3636, NULL, 0, 0, 0),
(856, '2014-06-01', 9, 9465, 40362, 10864, NULL, 0, 0, 0),
(857, '2014-06-01', 10, 10751, 4593, 6398, NULL, 0, 0, 0),
(858, '2014-06-01', 11, 8105, 92526, 8825, NULL, 0, 0, 0),
(859, '2014-07-01', 1, 7620, 743345, 129256, NULL, 0, 0, 0),
(860, '2014-07-01', 2, 8119, 908150, 76456, NULL, 0, 0, 0),
(861, '2014-07-01', 3, 8058, 715930, 93936, NULL, 0, 0, 0),
(862, '2014-07-01', 4, 9356, 209974, 37189, NULL, 0, 0, 0),
(863, '2014-07-01', 5, 7571, 117702, 37379, NULL, 0, 0, 0),
(864, '2014-07-01', 6, 7190, 252274, 34339, NULL, 0, 0, 0),
(865, '2014-07-01', 7, 8606, 242943, 29251, NULL, 0, 0, 0),
(866, '2014-07-01', 8, 10402, 3839, 2482, NULL, 0, 0, 0);
INSERT INTO `beras_aktual` (`id_aktual`, `id_waktu`, `id_provinsi`, `aktual_harga`, `aktual_produksi`, `aktual_luastanam`, `aktual_curahhujan`, `aktual_banjir`, `aktual_longsor`, `aktual_hama`) VALUES
(867, '2014-07-01', 9, 9533, 86585, 3173, NULL, 0, 0, 0),
(868, '2014-07-01', 10, 10686, 46, 922, NULL, 0, 0, 0),
(869, '2014-07-01', 11, 8208, 44919, 7129, NULL, 0, 0, 0),
(870, '2014-08-01', 1, 7627, 1170379, 105910, NULL, 0, 0, 0),
(871, '2014-08-01', 2, 8109, 1084988, 63170, NULL, 0, 0, 0),
(872, '2014-08-01', 3, 8057, 1646421, 80052, NULL, 0, 0, 0),
(873, '2014-08-01', 4, 9396, 400347, 39779, NULL, 0, 0, 0),
(874, '2014-08-01', 5, 7581, 312678, 13206, NULL, 0, 0, 0),
(875, '2014-08-01', 6, 7146, 345194, 36714, NULL, 0, 0, 0),
(876, '2014-08-01', 7, 8708, 227134, 22348, NULL, 0, 0, 0),
(877, '2014-08-01', 8, 10549, 14232, 120, NULL, 0, 0, 0),
(878, '2014-08-01', 9, 9623, 150840, 915, NULL, 0, 0, 0),
(879, '2014-08-01', 10, 10686, 1269, 959, NULL, 0, 0, 0),
(880, '2014-08-01', 11, 8155, 82231, 12755, NULL, 0, 0, 0),
(881, '2014-09-01', 1, 7626, 1037356, 73512, NULL, 0, 0, 0),
(882, '2014-09-01', 2, 8176, 685267, 38851, NULL, 0, 0, 0),
(883, '2014-09-01', 3, 8090, 736887, 29289, NULL, 0, 0, 0),
(884, '2014-09-01', 4, 9407, 278933, 90443, NULL, 0, 0, 0),
(885, '2014-09-01', 5, 7634, 378720, 27824, NULL, 0, 0, 0),
(886, '2014-09-01', 6, 7124, 770376, 30398, NULL, 0, 0, 0),
(887, '2014-09-01', 7, 8735, 229604, 6219, NULL, 0, 0, 0),
(888, '2014-09-01', 8, 10426, 41229, 2107, NULL, 0, 0, 0),
(889, '2014-09-01', 9, 9657, 150528, 22811, NULL, 0, 0, 0),
(890, '2014-09-01', 10, 10718, 3331, 10, NULL, 0, 0, 0),
(891, '2014-09-01', 11, 8169, 48436, 14095, NULL, 0, 0, 0),
(892, '2014-10-01', 1, 7711, 926728, 66793, NULL, 0, 0, 0),
(893, '2014-10-01', 2, 8219, 473286, 63068, NULL, 0, 0, 0),
(894, '2014-10-01', 3, 8155, 432874, 42277, NULL, 0, 0, 0),
(895, '2014-10-01', 4, 9395, 366890, 88079, NULL, 0, 0, 0),
(896, '2014-10-01', 5, 7674, 503474, 49835, NULL, 0, 0, 0),
(897, '2014-10-01', 6, 7143, 329236, 11323, NULL, 0, 0, 0),
(898, '2014-10-01', 7, 8770, 130288, 1517, NULL, 0, 0, 0),
(899, '2014-10-01', 8, 10516, 13195, 2956, NULL, 0, 0, 0),
(900, '2014-10-01', 9, 9594, 65226, 39928, NULL, 0, 0, 0),
(901, '2014-10-01', 10, 10718, 10841, 9, NULL, 0, 0, 0),
(902, '2014-10-01', 11, 8194, 42643, 10022, NULL, 0, 0, 0),
(903, '2014-11-01', 1, 7805, 612947, 176480, NULL, 0, 0, 0),
(904, '2014-11-01', 2, 8338, 314753, 185771, NULL, 0, 0, 0),
(905, '2014-11-01', 3, 8305, 455438, 155697, NULL, 0, 0, 0),
(906, '2014-11-01', 4, 9477, 206244, 102568, NULL, 0, 0, 0),
(907, '2014-11-01', 5, 7792, 145402, 157899, NULL, 0, 0, 0),
(908, '2014-11-01', 6, 7333, 99051, 59995, NULL, 0, 0, 0),
(909, '2014-11-01', 7, 8849, 184743, 21294, NULL, 0, 0, 0),
(910, '2014-11-01', 8, 10585, 9007, 2769, NULL, 0, 0, 0),
(911, '2014-11-01', 9, 9597, 19050, 37085, NULL, 0, 0, 0),
(912, '2014-11-01', 10, 10695, 1562, 561, NULL, 0, 0, 0),
(913, '2014-11-01', 11, 8335, 34448, 9486, NULL, 0, 0, 0),
(914, '2014-12-01', 1, 8136, 502237, 326378, NULL, 0, 0, 0),
(915, '2014-12-01', 2, 8809, 260057, 380853, NULL, 0, 0, 0),
(916, '2014-12-01', 3, 8740, 388123, 535782, NULL, 0, 0, 0),
(917, '2014-12-01', 4, 9751, 220608, 96329, NULL, 0, 0, 0),
(918, '2014-12-01', 5, 8189, 51370, 139362, NULL, 0, 0, 0),
(919, '2014-12-01', 6, 7537, 105902, 147830, NULL, 0, 0, 0),
(920, '2014-12-01', 7, 9060, 141145, 69922, NULL, 0, 0, 0),
(921, '2014-12-01', 8, 10655, 435, 1333, NULL, 0, 0, 0),
(922, '2014-12-01', 9, 10117, 5493, 22638, NULL, 0, 0, 0),
(923, '2014-12-01', 10, 10982, 1625, 4281, NULL, 0, 0, 0),
(924, '2014-12-01', 11, 8461, 61633, 9384, NULL, 0, 0, 0),
(925, '2015-01-01', 1, 8427, 556230, 278742, NULL, 0, 0, 0),
(926, '2015-01-01', 2, 9006, 302281, 222263, NULL, 0, 0, 0),
(927, '2015-01-01', 3, 8920, 244605, 308961, NULL, 0, 0, 0),
(928, '2015-01-01', 4, 9932, 379763, 3488, NULL, 0, 0, 0),
(929, '2015-01-01', 5, 8252, 153683, 65675, NULL, 0, 0, 0),
(930, '2015-01-01', 6, 7585, 241925, 180749, NULL, 0, 0, 0),
(931, '2015-01-01', 7, 9060, 28740, 75196, NULL, 0, 0, 0),
(932, '2015-01-01', 8, 10995, 12619, 7897, NULL, 0, 0, 0),
(933, '2015-01-01', 9, 11636, 61329, 14377, NULL, 0, 0, 0),
(934, '2015-01-01', 10, 11022, 127, 7026, NULL, 0, 0, 0),
(935, '2015-01-01', 11, 9207, 61881, 12782, NULL, 0, 0, 0),
(936, '2015-02-01', 1, 8767, 505390, 119919, NULL, 0, 0, 0),
(937, '2015-02-01', 2, 9194, 490702, 105543, NULL, 0, 0, 0),
(938, '2015-02-01', 3, 9032, 353073, 83749, NULL, 0, 0, 0),
(939, '2015-02-01', 4, 9939, 369836, 37316, NULL, 0, 0, 0),
(940, '2015-02-01', 5, 8528, 275259, 16055, NULL, 0, 0, 0),
(941, '2015-02-01', 6, 7829, 90115, 82621, NULL, 0, 0, 0),
(942, '2015-02-01', 7, 9150, 7011, 62696, NULL, 0, 0, 0),
(943, '2015-02-01', 8, 11129, 17704, 11990, NULL, 0, 0, 0),
(944, '2015-02-01', 9, 11624, 107350, 11681, NULL, 0, 0, 0),
(945, '2015-02-01', 10, 11128, 115, 711, NULL, 0, 0, 0),
(946, '2015-02-01', 11, 9293, 43999, 11912, NULL, 0, 0, 0),
(947, '2015-03-01', 1, 8999, 1335339, 100666, NULL, 0, 0, 0),
(948, '2015-03-01', 2, 9390, 1445396, 259814, NULL, 0, 0, 0),
(949, '2015-03-01', 3, 9131, 1300291, 233903, NULL, 0, 0, 0),
(950, '2015-03-01', 4, 10072, 430675, 51035, NULL, 0, 0, 0),
(951, '2015-03-01', 5, 8515, 872141, 28234, NULL, 0, 0, 0),
(952, '2015-03-01', 6, 8283, 477474, 60369, NULL, 0, 0, 0),
(953, '2015-03-01', 7, 9456, 98408, 80255, NULL, 0, 0, 0),
(954, '2015-03-01', 8, 11032, 16584, 4701, NULL, 0, 0, 0),
(955, '2015-03-01', 9, 11873, 99706, 38949, NULL, 0, 0, 0),
(956, '2015-03-01', 10, 11332, 7142, 436, NULL, 0, 0, 0),
(957, '2015-03-01', 11, 9750, 41646, 8936, NULL, 0, 0, 0),
(958, '2015-04-01', 1, 8527, 2469545, 194599, NULL, 0, 0, 0),
(959, '2015-04-01', 2, 8776, 2963236, 194745, NULL, 0, 0, 0),
(960, '2015-04-01', 3, 8598, 4474541, 285189, NULL, 0, 0, 0),
(961, '2015-04-01', 4, 10202, 404477, 47451, NULL, 0, 0, 0),
(962, '2015-04-01', 5, 8192, 769754, 49383, NULL, 0, 0, 0),
(963, '2015-04-01', 6, 7904, 1176515, 47194, NULL, 0, 0, 0),
(964, '2015-04-01', 7, 9569, 323136, 84385, NULL, 0, 0, 0),
(965, '2015-04-01', 8, 11146, 7984, 454, NULL, 0, 0, 0),
(966, '2015-04-01', 9, 11434, 60864, 35524, NULL, 0, 0, 0),
(967, '2015-04-01', 10, 11378, 54501, 21, NULL, 0, 0, 0),
(968, '2015-04-01', 11, 9548, 41198, 8306, NULL, 0, 0, 0),
(969, '2015-05-01', 1, 8375, 1608856, 247756, NULL, 0, 0, 0),
(970, '2015-05-01', 2, 8696, 1218902, 207036, NULL, 0, 0, 0),
(971, '2015-05-01', 3, 8464, 1552797, 178988, NULL, 0, 0, 0),
(972, '2015-05-01', 4, 10196, 30005, 59985, NULL, 0, 0, 0),
(973, '2015-05-01', 5, 8074, 496979, 169487, NULL, 0, 0, 0),
(974, '2015-05-01', 6, 7797, 1076383, 279697, NULL, 0, 0, 0),
(975, '2015-05-01', 7, 9655, 256049, 36962, NULL, 0, 0, 0),
(976, '2015-05-01', 8, 11231, 29240, 2632, NULL, 0, 0, 0),
(977, '2015-05-01', 9, 11859, 47254, 19783, NULL, 0, 0, 0),
(978, '2015-05-01', 10, 11378, 23340, 2603, NULL, 0, 0, 0),
(979, '2015-05-01', 11, 9072, 74686, 10231, NULL, 0, 0, 0),
(980, '2015-06-01', 1, 8369, 692154, 152509, NULL, 0, 0, 0),
(981, '2015-06-01', 2, 8808, 578803, 107343, NULL, 0, 0, 0),
(982, '2015-06-01', 3, 8558, 420911, 91652, NULL, 0, 0, 0),
(983, '2015-06-01', 4, 10143, 321008, 64307, NULL, 0, 0, 0),
(984, '2015-06-01', 5, 8154, 121492, 143592, NULL, 0, 0, 0),
(985, '2015-06-01', 6, 7852, 492019, 125886, NULL, 0, 0, 0),
(986, '2015-06-01', 7, 9851, 213486, 35584, NULL, 0, 0, 0),
(987, '2015-06-01', 8, 11440, 44394, 10701, NULL, 0, 0, 0),
(988, '2015-06-01', 9, 11650, 38393, 15273, NULL, 0, 0, 0),
(989, '2015-06-01', 10, 11411, 2362, 6464, NULL, 0, 0, 0),
(990, '2015-06-01', 11, 9096, 69603, 14060, NULL, 0, 0, 0),
(991, '2015-07-01', 1, 8470, 581029, 94717, NULL, 0, 0, 0),
(992, '2015-07-01', 2, 8965, 1424834, 63420, NULL, 0, 0, 0),
(993, '2015-07-01', 3, 8723, 1175566, 94623, NULL, 0, 0, 0),
(994, '2015-07-01', 4, 10138, 439025, 46749, NULL, 0, 0, 0),
(995, '2015-07-01', 5, 8299, 213654, 25998, NULL, 0, 0, 0),
(996, '2015-07-01', 6, 7890, 359505, 30714, NULL, 0, 0, 0),
(997, '2015-07-01', 7, 9894, 273276, 41117, NULL, 0, 0, 0),
(998, '2015-07-01', 8, 11215, 17406, 1147, NULL, 0, 0, 0),
(999, '2015-07-01', 9, 11878, 128017, 2181, NULL, 0, 0, 0),
(1000, '2015-07-01', 10, 11441, 1448, 413, NULL, 0, 0, 0),
(1001, '2015-07-01', 11, 9081, 52214, 12628, NULL, 0, 0, 0),
(1002, '2015-08-01', 1, 8504, 1123195, 84967, NULL, 0, 0, 0),
(1003, '2015-08-01', 2, 9096, 1067992, 54463, NULL, 0, 0, 0),
(1004, '2015-08-01', 3, 8907, 1433322, 94393, NULL, 0, 0, 0),
(1005, '2015-08-01', 4, 10092, 408194, 48986, NULL, 0, 0, 0),
(1006, '2015-08-01', 5, 8344, 373694, 11096, NULL, 0, 0, 0),
(1007, '2015-08-01', 6, 8185, 281046, 37593, NULL, 0, 0, 0),
(1008, '2015-08-01', 7, 9925, 287339, 14647, NULL, 0, 0, 0),
(1009, '2015-08-01', 8, 11271, 1681, 2500, NULL, 0, 0, 0),
(1010, '2015-08-01', 9, 11747, 116759, 327, NULL, 0, 0, 0),
(1011, '2015-08-01', 10, 11441, 70, 26, NULL, 0, 0, 0),
(1012, '2015-08-01', 11, 9245, 48533, 11106, NULL, 0, 0, 0),
(1013, '2015-09-01', 1, 8670, 1068606, 69417, NULL, 0, 0, 0),
(1014, '2015-09-01', 2, 9291, 866570, 55448, NULL, 0, 0, 0),
(1015, '2015-09-01', 3, 9182, 856616, 61989, NULL, 0, 0, 0),
(1016, '2015-09-01', 4, 10094, 353826, 128827, NULL, 0, 0, 0),
(1017, '2015-09-01', 5, 8569, 470102, 37604, NULL, 0, 0, 0),
(1018, '2015-09-01', 6, 8496, 753601, 48871, NULL, 0, 0, 0),
(1019, '2015-09-01', 7, 9751, 188060, 397, NULL, 0, 0, 0),
(1020, '2015-09-01', 8, 10967, 5294, 494, NULL, 0, 0, 0),
(1021, '2015-09-01', 9, 11600, 122988, 13054, NULL, 0, 0, 0),
(1022, '2015-09-01', 10, 11424, 7855, 292, NULL, 0, 0, 0),
(1023, '2015-09-01', 11, 9493, 51216, 11238, NULL, 0, 0, 0),
(1024, '2015-10-01', 1, 8836, 657793, 41005, NULL, 0, 0, 0),
(1025, '2015-10-01', 2, 9375, 449295, 46539, NULL, 0, 0, 0),
(1026, '2015-10-01', 3, 9270, 438636, 34457, NULL, 0, 0, 0),
(1027, '2015-10-01', 4, 10124, 379320, 71384, NULL, 0, 0, 0),
(1028, '2015-10-01', 5, 8522, 398278, 36812, NULL, 0, 0, 0),
(1029, '2015-10-01', 6, 8566, 339181, 6316, NULL, 0, 0, 0),
(1030, '2015-10-01', 7, 9822, 181049, 841, NULL, 0, 0, 0),
(1031, '2015-10-01', 8, 11077, 21526, 346, NULL, 0, 0, 0),
(1032, '2015-10-01', 9, 11642, 94950, 32745, NULL, 0, 0, 0),
(1033, '2015-10-01', 10, 11450, 19506, 1008, NULL, 0, 0, 0),
(1034, '2015-10-01', 11, 9555, 70383, 5035, NULL, 0, 0, 0),
(1035, '2015-11-01', 1, 8866, 408528, 87356, NULL, 0, 0, 0),
(1036, '2015-11-01', 2, 9412, 265451, 151953, NULL, 0, 0, 0),
(1037, '2015-11-01', 3, 9305, 452855, 102726, NULL, 0, 0, 0),
(1038, '2015-11-01', 4, 10320, 275753, 81817, NULL, 0, 0, 0),
(1039, '2015-11-01', 5, 8630, 72110, 157886, NULL, 0, 0, 0),
(1040, '2015-11-01', 6, 8606, 82754, 14322, NULL, 0, 0, 0),
(1041, '2015-11-01', 7, 9798, 209200, 28035, NULL, 0, 0, 0),
(1042, '2015-11-01', 8, 11200, 2307, 1015, NULL, 0, 0, 0),
(1043, '2015-11-01', 9, 11702, 13559, 55970, NULL, 0, 0, 0),
(1044, '2015-11-01', 10, 11445, 1246, 535, NULL, 0, 0, 0),
(1045, '2015-11-01', 11, 9548, 63215, 12506, NULL, 0, 0, 0),
(1046, '2015-12-01', 1, 8891, 366475, 348383, NULL, 0, 0, 0),
(1047, '2015-12-01', 2, 9463, 227960, 395973, NULL, 0, 0, 0),
(1048, '2015-12-01', 3, 9392, 451754, 534797, NULL, 0, 0, 0),
(1049, '2015-12-01', 4, 10487, 288948, 88064, NULL, 0, 0, 0),
(1050, '2015-12-01', 5, 8706, 30777, 165534, NULL, 0, 0, 0),
(1051, '2015-12-01', 6, 8680, 101289, 123254, NULL, 0, 0, 0),
(1052, '2015-12-01', 7, 9861, 74523, 80333, NULL, 0, 0, 0),
(1053, '2015-12-01', 8, 11312, 5029, 1908, NULL, 0, 0, 0),
(1054, '2015-12-01', 9, 11618, 2033, 36566, NULL, 0, 0, 0),
(1055, '2015-12-01', 10, 11505, 78, 2336, NULL, 0, 0, 0),
(1056, '2015-12-01', 11, 9467, 55596, 13950, NULL, 0, 0, 0),
(1057, '2016-01-01', 1, 9009, 919944, 260230, NULL, 0, 0, 0),
(1058, '2016-01-01', 2, 9521, 240175, 204762, NULL, 0, 0, 0),
(1059, '2016-01-01', 3, 9392, 473745, 283102, NULL, 0, 0, 0),
(1060, '2016-01-01', 4, 10487, 321899, 29839, NULL, 0, 0, 0),
(1061, '2016-01-01', 5, 8854, 618540, 69079, NULL, 0, 0, 0),
(1062, '2016-01-01', 6, 8751, 709452, 167137, NULL, 0, 0, 0),
(1063, '2016-01-01', 7, 9935, 149850, 78816, NULL, 0, 0, 0),
(1064, '2016-01-01', 8, 11312, 3002, 8799, NULL, 0, 0, 0),
(1065, '2016-01-01', 9, 11882, 88802, 13098, NULL, 0, 0, 0),
(1066, '2016-01-01', 10, 11540, 1514, 4465, NULL, 0, 0, 0),
(1067, '2016-01-01', 11, 9602, 48170, 10898, NULL, 0, 0, 0),
(1068, '2016-02-01', 1, 9096, 567773, 117232, NULL, 0, 0, 0),
(1069, '2016-02-01', 2, 9435, 336900, 107199, NULL, 0, 0, 0),
(1070, '2016-02-01', 3, 9364, 537438, 93699, NULL, 0, 0, 0),
(1071, '2016-02-01', 4, 10401, 201368, 33511, NULL, 0, 0, 0),
(1072, '2016-02-01', 5, 9012, 88949, 21229, NULL, 0, 0, 0),
(1073, '2016-02-01', 6, 8941, 202037, 74927, NULL, 0, 0, 0),
(1074, '2016-02-01', 7, 9905, 135935, 60996, NULL, 0, 0, 0),
(1075, '2016-02-01', 8, 11441, 2533, 7885, NULL, 0, 0, 0),
(1076, '2016-02-01', 9, 11876, 40233, 12041, NULL, 0, 0, 0),
(1077, '2016-02-01', 10, 11604, 2450, 842, NULL, 0, 0, 0),
(1078, '2016-02-01', 11, 9845, 50168, 12552, NULL, 0, 0, 0),
(1079, '2016-03-01', 1, 9142, 461190, 106365, NULL, 0, 0, 0),
(1080, '2016-03-01', 2, 9289, 529225, 230621, NULL, 0, 0, 0),
(1081, '2016-03-01', 3, 9140, 498546, 205109, NULL, 0, 0, 0),
(1082, '2016-03-01', 4, 10240, 502194, 41432, NULL, 0, 0, 0),
(1083, '2016-03-01', 5, 8889, 152999, 32654, NULL, 0, 0, 0),
(1084, '2016-03-01', 6, 9023, 216878, 54423, NULL, 0, 0, 0),
(1085, '2016-03-01', 7, 9968, 96609, 85781, NULL, 0, 0, 0),
(1086, '2016-03-01', 8, 11496, 4652, 3698, NULL, 0, 0, 0),
(1087, '2016-03-01', 9, 11987, 146087, 30259, NULL, 0, 0, 0),
(1088, '2016-03-01', 10, 11650, 1275, 230, NULL, 0, 0, 0),
(1089, '2016-03-01', 11, 9840, 48615, 9506, NULL, 0, 0, 0),
(1090, '2016-04-01', 1, 8935, 1436800, 197191, NULL, 0, 0, 0),
(1091, '2016-04-01', 2, 9054, 177023, 213827, NULL, 0, 0, 0),
(1092, '2016-04-01', 3, 8982, 313450, 297986, NULL, 0, 0, 0),
(1093, '2016-04-01', 4, 10295, 327623, 52757, NULL, 0, 0, 0),
(1094, '2016-04-01', 5, 8564, 700563, 55496, NULL, 0, 0, 0),
(1095, '2016-04-01', 6, 8676, 423808, 55584, NULL, 0, 0, 0),
(1096, '2016-04-01', 7, 9892, 285350, 80521, NULL, 0, 0, 0),
(1097, '2016-04-01', 8, 11543, 7481, 2132, NULL, 0, 0, 0),
(1098, '2016-04-01', 9, 12008, 98226, 38926, NULL, 0, 0, 0),
(1099, '2016-04-01', 10, 11660, 2424, 528, NULL, 0, 0, 0),
(1100, '2016-04-01', 11, 9818, 48090, 13132, NULL, 0, 0, 0),
(1101, '2016-05-01', 1, 8865, 575726, 238744, NULL, 0, 0, 0),
(1102, '2016-05-01', 2, 9038, 231935, 181806, NULL, 0, 0, 0),
(1103, '2016-05-01', 3, 8988, 161873, 164206, NULL, 0, 0, 0),
(1104, '2016-05-01', 4, 10369, 359329, 61752, NULL, 0, 0, 0),
(1105, '2016-05-01', 5, 8275, 168034, 167922, NULL, 0, 0, 0),
(1106, '2016-05-01', 6, 8677, 307452, 270078, NULL, 0, 0, 0),
(1107, '2016-05-01', 7, 9892, 154997, 37721, NULL, 0, 0, 0),
(1108, '2016-05-01', 8, 11612, 29310, 4928, NULL, 0, 0, 0),
(1109, '2016-05-01', 9, 12196, 104047, 28109, NULL, 0, 0, 0),
(1110, '2016-05-01', 10, 11620, 17590, 2239, NULL, 0, 0, 0),
(1111, '2016-05-01', 11, 9748, 52267, 11185, NULL, 0, 0, 0),
(1112, '2016-06-01', 1, 8866, 1166513, 159284, NULL, 0, 0, 0),
(1113, '2016-06-01', 2, 9133, 826759, 103681, NULL, 0, 0, 0),
(1114, '2016-06-01', 3, 9066, 537727, 95609, NULL, 0, 0, 0),
(1115, '2016-06-01', 4, 10431, 212525, 69500, NULL, 0, 0, 0),
(1116, '2016-06-01', 5, 8321, 659801, 147727, NULL, 0, 0, 0),
(1117, '2016-06-01', 6, 8623, 698051, 125263, NULL, 0, 0, 0),
(1118, '2016-06-01', 7, 9826, 301368, 31462, NULL, 0, 0, 0),
(1119, '2016-06-01', 8, 11683, 26415, 8219, NULL, 0, 0, 0),
(1120, '2016-06-01', 9, 12203, 35514, 11141, NULL, 0, 0, 0),
(1121, '2016-06-01', 10, 11603, 4273, 5540, NULL, 0, 0, 0),
(1122, '2016-06-01', 11, 9768, 47656, 11533, NULL, 0, 0, 0),
(1123, '2016-07-01', 1, 8820, 646413, 105142, NULL, 0, 0, 0),
(1124, '2016-07-01', 2, 9206, 1010765, 72478, NULL, 0, 0, 0),
(1125, '2016-07-01', 3, 9109, 1530786, 102673, NULL, 0, 0, 0),
(1126, '2016-07-01', 4, 10432, 236598, 44698, NULL, 0, 0, 0),
(1127, '2016-07-01', 5, 8250, 171251, 33110, NULL, 0, 0, 0),
(1128, '2016-07-01', 6, 8534, 275948, 35846, NULL, 0, 0, 0),
(1129, '2016-07-01', 7, 9790, 280156, 36031, NULL, 0, 0, 0),
(1130, '2016-07-01', 8, 11748, 13151, 3206, NULL, 0, 0, 0),
(1131, '2016-07-01', 9, 12273, 21112, 6303, NULL, 0, 0, 0),
(1132, '2016-07-01', 10, 11684, 4962, 1187, NULL, 0, 0, 0),
(1133, '2016-07-01', 11, 9790, 50154, 10195, NULL, 0, 0, 0),
(1134, '2016-08-01', 1, 8747, 150588, 88756, NULL, 0, 0, 0),
(1135, '2016-08-01', 2, 9147, 1152255, 56785, NULL, 0, 0, 0),
(1136, '2016-08-01', 3, 9104, 2916488, 91104, NULL, 0, 0, 0),
(1137, '2016-08-01', 4, 10432, 271016, 46502, NULL, 0, 0, 0),
(1138, '2016-08-01', 5, 8373, 690865, 17341, NULL, 0, 0, 0),
(1139, '2016-08-01', 6, 8576, 34460, 38462, NULL, 0, 0, 0),
(1140, '2016-08-01', 7, 9766, 125498, 18549, NULL, 0, 0, 0),
(1141, '2016-08-01', 8, 11931, 11592, 2587, NULL, 0, 0, 0),
(1142, '2016-08-01', 9, 12205, 23580, 5302, NULL, 0, 0, 0),
(1143, '2016-08-01', 10, 11685, 2145, 456, NULL, 0, 0, 0),
(1144, '2016-08-01', 11, 9803, 45555, 12560, NULL, 0, 0, 0),
(1145, '2016-09-01', 1, 8725, 335396, 67987, NULL, 0, 0, 0),
(1146, '2016-09-01', 2, 9157, 1208132, 47719, NULL, 0, 0, 0),
(1147, '2016-09-01', 3, 9139, 876207, 54784, NULL, 0, 0, 0),
(1148, '2016-09-01', 4, 10390, 378314, 91380, NULL, 0, 0, 0),
(1149, '2016-09-01', 5, 8469, 243923, 42566, NULL, 0, 0, 0),
(1150, '2016-09-01', 6, 8577, 79892, 43581, NULL, 0, 0, 0),
(1151, '2016-09-01', 7, 9743, 42676, 5751, NULL, 0, 0, 0),
(1152, '2016-09-01', 8, 11887, 27472, 2021, NULL, 0, 0, 0),
(1153, '2016-09-01', 9, 12190, 82669, 14058, NULL, 0, 0, 0),
(1154, '2016-09-01', 10, 11616, 9389, 136, NULL, 0, 0, 0),
(1155, '2016-09-01', 11, 9814, 51030, 12416, NULL, 0, 0, 0),
(1156, '2016-10-01', 1, 8769, 2149952, 50883, NULL, 0, 0, 0),
(1157, '2016-10-01', 2, 9152, 1311643, 64052, NULL, 0, 0, 0),
(1158, '2016-10-01', 3, 9128, 1101395, 51090, NULL, 0, 0, 0),
(1159, '2016-10-01', 4, 10478, 298352, 79526, NULL, 0, 0, 0),
(1160, '2016-10-01', 5, 8452, 151146, 44888, NULL, 0, 0, 0),
(1161, '2016-10-01', 6, 8638, 947074, 12407, NULL, 0, 0, 0),
(1162, '2016-10-01', 7, 9731, 41324, 4359, NULL, 0, 0, 0),
(1163, '2016-10-01', 8, 11797, 8192, 2282, NULL, 0, 0, 0),
(1164, '2016-10-01', 9, 12200, 77366, 49917, NULL, 0, 0, 0),
(1165, '2016-10-01', 10, 11633, 3632, 591, NULL, 0, 0, 0),
(1166, '2016-10-01', 11, 9843, 46594, 8131, NULL, 0, 0, 0),
(1167, '2016-11-01', 1, 8752, 452081, 122279, NULL, 0, 0, 0),
(1168, '2016-11-01', 2, 9149, 550912, 199969, NULL, 0, 0, 0),
(1169, '2016-11-01', 3, 9128, 1612727, 178465, NULL, 0, 0, 0),
(1170, '2016-11-01', 4, 10500, 246523, 84220, NULL, 0, 0, 0),
(1171, '2016-11-01', 5, 8397, 104742, 164132, NULL, 0, 0, 0),
(1172, '2016-11-01', 6, 8717, 314045, 37214, NULL, 0, 0, 0),
(1173, '2016-11-01', 7, 9776, 284777, 28461, NULL, 0, 0, 0),
(1174, '2016-11-01', 8, 11848, 17049, 2780, NULL, 0, 0, 0),
(1175, '2016-11-01', 9, 12045, 40342, 44574, NULL, 0, 0, 0),
(1176, '2016-11-01', 10, 11675, 9016, 1134, NULL, 0, 0, 0),
(1177, '2016-11-01', 11, 9719, 50086, 10815, NULL, 0, 0, 0),
(1178, '2016-12-01', 1, 8785, 1576554, 343376, NULL, 0, 0, 0),
(1179, '2016-12-01', 2, 9138, 2330817, 384344, NULL, 0, 0, 0),
(1180, '2016-12-01', 3, 9127, 488032, 526401, NULL, 0, 0, 0),
(1181, '2016-12-01', 4, 10582, 252006, 92779, NULL, 0, 0, 0),
(1182, '2016-12-01', 5, 8392, 299095, 169082, NULL, 0, 0, 0),
(1183, '2016-12-01', 6, 8727, 1531240, 141497, NULL, 0, 0, 0),
(1184, '2016-12-01', 7, 9807, 225884, 78797, NULL, 0, 0, 0),
(1185, '2016-12-01', 8, 11943, 9632, 5103, NULL, 0, 0, 0),
(1186, '2016-12-01', 9, 12083, 37733, 22261, NULL, 0, 0, 0),
(1187, '2016-12-01', 10, 11675, 21734, 3272, NULL, 0, 0, 0),
(1188, '2016-12-01', 11, 9637, 38801, 14517, NULL, 0, 0, 0),
(1189, '2019-01-01', 1, 12000, 1000000, NULL, NULL, 0, 0, 0);

-- --------------------------------------------------------

--
-- Table structure for table `beras_prediksi`
--

CREATE TABLE `beras_prediksi` (
  `id_prediksi` int(11) NOT NULL,
  `id_waktu` date NOT NULL,
  `id_provinsi` int(2) NOT NULL,
  `prediksi_harga` double DEFAULT NULL,
  `prediksi_produksi` double DEFAULT NULL,
  `prediksi_luastanam` double DEFAULT NULL,
  `prediksi_curahhujan` double DEFAULT NULL,
  `prediksi_banjir` int(11) DEFAULT NULL,
  `prediksi_longsor` int(11) DEFAULT NULL,
  `prediksi_hama` int(11) DEFAULT NULL
) ENGINE=InnoDB DEFAULT CHARSET=latin1;

--
-- Dumping data for table `beras_prediksi`
--

INSERT INTO `beras_prediksi` (`id_prediksi`, `id_waktu`, `id_provinsi`, `prediksi_harga`, `prediksi_produksi`, `prediksi_luastanam`, `prediksi_curahhujan`, `prediksi_banjir`, `prediksi_longsor`, `prediksi_hama`) VALUES
(1, '2014-01-01', 1, 7447, NULL, 255977, NULL, NULL, NULL, NULL),
(2, '2014-01-01', 2, 8201, NULL, 238268, NULL, NULL, NULL, NULL),
(3, '2014-01-01', 3, 8183, NULL, 313903, NULL, NULL, NULL, NULL),
(4, '2014-01-01', 4, 9274, NULL, 36666, NULL, NULL, NULL, NULL),
(5, '2014-01-01', 5, 7743, NULL, 56578, NULL, NULL, NULL, NULL),
(6, '2014-01-01', 6, 6447, NULL, 141839, NULL, NULL, NULL, NULL),
(7, '2014-01-01', 7, 8176, NULL, 80950, NULL, NULL, NULL, NULL),
(8, '2014-01-01', 8, 10042, NULL, 10167, NULL, NULL, NULL, NULL),
(9, '2014-01-01', 9, 9074, NULL, 8023, NULL, NULL, NULL, NULL),
(10, '2014-01-01', 10, 10539, NULL, 2289, NULL, NULL, NULL, NULL),
(11, '2014-01-01', 11, 7975, NULL, 6238, NULL, NULL, NULL, NULL),
(12, '2014-02-01', 1, 7506, NULL, 121771, NULL, NULL, NULL, NULL),
(13, '2014-02-01', 2, 8290, NULL, 87467, NULL, NULL, NULL, NULL),
(14, '2014-02-01', 3, 8237, NULL, 74774, NULL, NULL, NULL, NULL),
(15, '2014-02-01', 4, 9314, NULL, 28387, NULL, NULL, NULL, NULL),
(16, '2014-02-01', 5, 7675, NULL, 17774, NULL, NULL, NULL, NULL),
(17, '2014-02-01', 6, 6518, NULL, 58937, NULL, NULL, NULL, NULL),
(18, '2014-02-01', 7, 8185, NULL, 47989, NULL, NULL, NULL, NULL),
(19, '2014-02-01', 8, 9751, NULL, 806, NULL, NULL, NULL, NULL),
(20, '2014-02-01', 9, 9156, NULL, 11432, NULL, NULL, NULL, NULL),
(21, '2014-02-01', 10, 10787, NULL, 586, NULL, NULL, NULL, NULL),
(22, '2014-02-01', 11, 8006, NULL, 18791, NULL, NULL, NULL, NULL),
(23, '2014-03-01', 1, 7515, NULL, 126312, NULL, NULL, NULL, NULL),
(24, '2014-03-01', 2, 8224, NULL, 184361, NULL, NULL, NULL, NULL),
(25, '2014-03-01', 3, 8190, NULL, 141136, NULL, NULL, NULL, NULL),
(26, '2014-03-01', 4, 9383, NULL, 31636, NULL, NULL, NULL, NULL),
(27, '2014-03-01', 5, 7821, NULL, 19442, NULL, NULL, NULL, NULL),
(28, '2014-03-01', 6, 6497, NULL, 36642, NULL, NULL, NULL, NULL),
(29, '2014-03-01', 7, 8224, NULL, 82996, NULL, NULL, NULL, NULL),
(30, '2014-03-01', 8, 9946, NULL, 215, NULL, NULL, NULL, NULL),
(31, '2014-03-01', 9, 9128, NULL, 24639, NULL, NULL, NULL, NULL),
(32, '2014-03-01', 10, 10780, NULL, -103, NULL, NULL, NULL, NULL),
(33, '2014-03-01', 11, 8058, NULL, 9296, NULL, NULL, NULL, NULL),
(34, '2014-04-01', 1, 7497, NULL, 195090, NULL, NULL, NULL, NULL),
(35, '2014-04-01', 2, 8141, NULL, 220194, NULL, NULL, NULL, NULL),
(36, '2014-04-01', 3, 8021, NULL, 327917, NULL, NULL, NULL, NULL),
(37, '2014-04-01', 4, 9256, NULL, 61133, NULL, NULL, NULL, NULL),
(38, '2014-04-01', 5, 7762, NULL, 51853, NULL, NULL, NULL, NULL),
(39, '2014-04-01', 6, 7177, NULL, 49596, NULL, NULL, NULL, NULL),
(40, '2014-04-01', 7, 8227, NULL, 78155, NULL, NULL, NULL, NULL),
(41, '2014-04-01', 8, 9928, NULL, 1891, NULL, NULL, NULL, NULL),
(42, '2014-04-01', 9, 9142, NULL, 41258, NULL, NULL, NULL, NULL),
(43, '2014-04-01', 10, 10768, NULL, 97, NULL, NULL, NULL, NULL),
(44, '2014-04-01', 11, 8086, NULL, 16830, NULL, NULL, NULL, NULL),
(45, '2014-05-01', 1, 7560, NULL, 215945, NULL, NULL, NULL, NULL),
(46, '2014-05-01', 2, 8102, NULL, 163923, NULL, NULL, NULL, NULL),
(47, '2014-05-01', 3, 8011, NULL, 151826, NULL, NULL, NULL, NULL),
(48, '2014-05-01', 4, 9349, NULL, 50757, NULL, NULL, NULL, NULL),
(49, '2014-05-01', 5, 7607, NULL, 97321, NULL, NULL, NULL, NULL),
(50, '2014-05-01', 6, 7087, NULL, 266560, NULL, NULL, NULL, NULL),
(51, '2014-05-01', 7, 8329, NULL, 36365, NULL, NULL, NULL, NULL),
(52, '2014-05-01', 8, 10016, NULL, 11403, NULL, NULL, NULL, NULL),
(53, '2014-05-01', 9, 9274, NULL, 24850, NULL, NULL, NULL, NULL),
(54, '2014-05-01', 10, 10834, NULL, 1940, NULL, NULL, NULL, NULL),
(55, '2014-05-01', 11, 8067, NULL, 10076, NULL, NULL, NULL, NULL),
(56, '2014-06-01', 1, 7612, NULL, 195402, NULL, NULL, NULL, NULL),
(57, '2014-06-01', 2, 8118, NULL, 114719, NULL, NULL, NULL, NULL),
(58, '2014-06-01', 3, 8069, NULL, 88587, NULL, NULL, NULL, NULL),
(59, '2014-06-01', 4, 9314, NULL, 65385, NULL, NULL, NULL, NULL),
(60, '2014-06-01', 5, 7580, NULL, 130454, NULL, NULL, NULL, NULL),
(61, '2014-06-01', 6, 7059, NULL, 116161, NULL, NULL, NULL, NULL),
(62, '2014-06-01', 7, 8565, NULL, 20555, NULL, NULL, NULL, NULL),
(63, '2014-06-01', 8, 10124, NULL, 3808, NULL, NULL, NULL, NULL),
(64, '2014-06-01', 9, 9427, NULL, 10901, NULL, NULL, NULL, NULL),
(65, '2014-06-01', 10, 10859, NULL, 6479, NULL, NULL, NULL, NULL),
(66, '2014-06-01', 11, 8109, NULL, 8929, NULL, NULL, NULL, NULL),
(67, '2014-07-01', 1, 7613, NULL, 130646, NULL, NULL, NULL, NULL),
(68, '2014-07-01', 2, 8072, NULL, 77236, NULL, NULL, NULL, NULL),
(69, '2014-07-01', 3, 8065, NULL, 89797, NULL, NULL, NULL, NULL),
(70, '2014-07-01', 4, 9260, NULL, 36964, NULL, NULL, NULL, NULL),
(71, '2014-07-01', 5, 7514, NULL, 37439, NULL, NULL, NULL, NULL),
(72, '2014-07-01', 6, 7104, NULL, 34576, NULL, NULL, NULL, NULL),
(73, '2014-07-01', 7, 8614, NULL, 27952, NULL, NULL, NULL, NULL),
(74, '2014-07-01', 8, 10422, NULL, 3104, NULL, NULL, NULL, NULL),
(75, '2014-07-01', 9, 9477, NULL, 3232, NULL, NULL, NULL, NULL),
(76, '2014-07-01', 10, 10868, NULL, 1036, NULL, NULL, NULL, NULL),
(77, '2014-07-01', 11, 8119, NULL, 7562, NULL, NULL, NULL, NULL),
(78, '2014-08-01', 1, 7621, NULL, 105170, NULL, NULL, NULL, NULL),
(79, '2014-08-01', 2, 8119, NULL, 60327, NULL, NULL, NULL, NULL),
(80, '2014-08-01', 3, 8048, NULL, 77608, NULL, NULL, NULL, NULL),
(81, '2014-08-01', 4, 9384, NULL, 39716, NULL, NULL, NULL, NULL),
(82, '2014-08-01', 5, 7592, NULL, 12814, NULL, NULL, NULL, NULL),
(83, '2014-08-01', 6, 7222, NULL, 35275, NULL, NULL, NULL, NULL),
(84, '2014-08-01', 7, 8618, NULL, 21166, NULL, NULL, NULL, NULL),
(85, '2014-08-01', 8, 10540, NULL, -2367, NULL, NULL, NULL, NULL),
(86, '2014-08-01', 9, 9524, NULL, 737, NULL, NULL, NULL, NULL),
(87, '2014-08-01', 10, 10800, NULL, 929, NULL, NULL, NULL, NULL),
(88, '2014-08-01', 11, 8204, NULL, 12518, NULL, NULL, NULL, NULL),
(89, '2014-09-01', 1, 7645, NULL, 73704, NULL, NULL, NULL, NULL),
(90, '2014-09-01', 2, 8163, NULL, 33478, NULL, NULL, NULL, NULL),
(91, '2014-09-01', 3, 8119, NULL, 26003, NULL, NULL, NULL, NULL),
(92, '2014-09-01', 4, 9438, NULL, 90924, NULL, NULL, NULL, NULL),
(93, '2014-09-01', 5, 7585, NULL, 27580, NULL, NULL, NULL, NULL),
(94, '2014-09-01', 6, 7144, NULL, 29857, NULL, NULL, NULL, NULL),
(95, '2014-09-01', 7, 8718, NULL, 4617, NULL, NULL, NULL, NULL),
(96, '2014-09-01', 8, 10623, NULL, 1649, NULL, NULL, NULL, NULL),
(97, '2014-09-01', 9, 9613, NULL, 21342, NULL, NULL, NULL, NULL),
(98, '2014-09-01', 10, 10796, NULL, -60, NULL, NULL, NULL, NULL),
(99, '2014-09-01', 11, 8166, NULL, 14077, NULL, NULL, NULL, NULL),
(100, '2014-10-01', 1, 7658, NULL, 60797, NULL, NULL, NULL, NULL),
(101, '2014-10-01', 2, 8258, NULL, 53037, NULL, NULL, NULL, NULL),
(102, '2014-10-01', 3, 8176, NULL, 31974, NULL, NULL, NULL, NULL),
(103, '2014-10-01', 4, 9439, NULL, 90186, NULL, NULL, NULL, NULL),
(104, '2014-10-01', 5, 7606, NULL, 50096, NULL, NULL, NULL, NULL),
(105, '2014-10-01', 6, 7158, NULL, 10051, NULL, NULL, NULL, NULL),
(106, '2014-10-01', 7, 8768, NULL, -1209, NULL, NULL, NULL, NULL),
(107, '2014-10-01', 8, 10567, NULL, 2487, NULL, NULL, NULL, NULL),
(108, '2014-10-01', 9, 9674, NULL, 38905, NULL, NULL, NULL, NULL),
(109, '2014-10-01', 10, 10813, NULL, -60, NULL, NULL, NULL, NULL),
(110, '2014-10-01', 11, 8183, NULL, 10092, NULL, NULL, NULL, NULL),
(111, '2014-11-01', 1, 7783, NULL, 170167, NULL, NULL, NULL, NULL),
(112, '2014-11-01', 2, 8323, NULL, 180962, NULL, NULL, NULL, NULL),
(113, '2014-11-01', 3, 8240, NULL, 151543, NULL, NULL, NULL, NULL),
(114, '2014-11-01', 4, 9445, NULL, 104686, NULL, NULL, NULL, NULL),
(115, '2014-11-01', 5, 7737, NULL, 158479, NULL, NULL, NULL, NULL),
(116, '2014-11-01', 6, 7195, NULL, 55224, NULL, NULL, NULL, NULL),
(117, '2014-11-01', 7, 8789, NULL, 20305, NULL, NULL, NULL, NULL),
(118, '2014-11-01', 8, 10671, NULL, 2715, NULL, NULL, NULL, NULL),
(119, '2014-11-01', 9, 9627, NULL, 37026, NULL, NULL, NULL, NULL),
(120, '2014-11-01', 10, 10832, NULL, 517, NULL, NULL, NULL, NULL),
(121, '2014-11-01', 11, 8211, NULL, 9432, NULL, NULL, NULL, NULL),
(122, '2014-12-01', 1, 7891, NULL, 327269, NULL, NULL, NULL, NULL),
(123, '2014-12-01', 2, 8448, NULL, 383961, NULL, NULL, NULL, NULL),
(124, '2014-12-01', 3, 8395, NULL, 540349, NULL, NULL, NULL, NULL),
(125, '2014-12-01', 4, 9525, NULL, 97501, NULL, NULL, NULL, NULL),
(126, '2014-12-01', 5, 7878, NULL, 142969, NULL, NULL, NULL, NULL),
(127, '2014-12-01', 6, 7384, NULL, 147130, NULL, NULL, NULL, NULL),
(128, '2014-12-01', 7, 8878, NULL, 70093, NULL, NULL, NULL, NULL),
(129, '2014-12-01', 8, 10764, NULL, 1338, NULL, NULL, NULL, NULL),
(130, '2014-12-01', 9, 9634, NULL, 22915, NULL, NULL, NULL, NULL),
(131, '2014-12-01', 10, 10808, NULL, 4269, NULL, NULL, NULL, NULL),
(132, '2014-12-01', 11, 8337, NULL, 9477, NULL, NULL, NULL, NULL),
(133, '2015-01-01', 1, 8214, NULL, 287543, NULL, NULL, NULL, NULL),
(134, '2015-01-01', 2, 8911, NULL, 244532, NULL, NULL, NULL, NULL),
(135, '2015-01-01', 3, 8843, NULL, 343901, NULL, NULL, NULL, NULL),
(136, '2015-01-01', 4, 9780, NULL, 3194, NULL, NULL, NULL, NULL),
(137, '2015-01-01', 5, 8247, NULL, 66201, NULL, NULL, NULL, NULL),
(138, '2015-01-01', 6, 7575, NULL, 184294, NULL, NULL, NULL, NULL),
(139, '2015-01-01', 7, 9112, NULL, 77859, NULL, NULL, NULL, NULL),
(140, '2015-01-01', 8, 10806, NULL, 7814, NULL, NULL, NULL, NULL),
(141, '2015-01-01', 9, 10129, NULL, 14843, NULL, NULL, NULL, NULL),
(142, '2015-01-01', 10, 11102, NULL, 7142, NULL, NULL, NULL, NULL),
(143, '2015-01-01', 11, 8460, NULL, 13309, NULL, NULL, NULL, NULL),
(144, '2015-02-01', 1, 8510, NULL, 121226, NULL, NULL, NULL, NULL),
(145, '2015-02-01', 2, 9082, NULL, 105692, NULL, NULL, NULL, NULL),
(146, '2015-02-01', 3, 9015, NULL, 83635, NULL, NULL, NULL, NULL),
(147, '2015-02-01', 4, 9962, NULL, 36007, NULL, NULL, NULL, NULL),
(148, '2015-02-01', 5, 8278, NULL, 15973, NULL, NULL, NULL, NULL),
(149, '2015-02-01', 6, 7635, NULL, 83781, NULL, NULL, NULL, NULL),
(150, '2015-02-01', 7, 9117, NULL, 63080, NULL, NULL, NULL, NULL),
(151, '2015-02-01', 8, 11145, NULL, 10678, NULL, NULL, NULL, NULL),
(152, '2015-02-01', 9, 11613, NULL, 12041, NULL, NULL, NULL, NULL),
(153, '2015-02-01', 10, 11143, NULL, 781, NULL, NULL, NULL, NULL),
(154, '2015-02-01', 11, 9199, NULL, 11817, NULL, NULL, NULL, NULL),
(155, '2015-03-01', 1, 8743, NULL, 101740, NULL, NULL, NULL, NULL),
(156, '2015-03-01', 2, 9140, NULL, 258756, NULL, NULL, NULL, NULL),
(157, '2015-03-01', 3, 9052, NULL, 232506, NULL, NULL, NULL, NULL),
(158, '2015-03-01', 4, 9962, NULL, 50890, NULL, NULL, NULL, NULL),
(159, '2015-03-01', 5, 8400, NULL, 28048, NULL, NULL, NULL, NULL),
(160, '2015-03-01', 6, 7847, NULL, 61167, NULL, NULL, NULL, NULL),
(161, '2015-03-01', 7, 9185, NULL, 81057, NULL, NULL, NULL, NULL),
(162, '2015-03-01', 8, 11286, NULL, 4390, NULL, NULL, NULL, NULL),
(163, '2015-03-01', 9, 11604, NULL, 39433, NULL, NULL, NULL, NULL),
(164, '2015-03-01', 10, 11236, NULL, 368, NULL, NULL, NULL, NULL),
(165, '2015-03-01', 11, 9284, NULL, 8827, NULL, NULL, NULL, NULL),
(166, '2015-04-01', 1, 8829, NULL, 191464, NULL, NULL, NULL, NULL),
(167, '2015-04-01', 2, 9131, NULL, 193711, NULL, NULL, NULL, NULL),
(168, '2015-04-01', 3, 8900, NULL, 285559, NULL, NULL, NULL, NULL),
(169, '2015-04-01', 4, 10097, NULL, 47723, NULL, NULL, NULL, NULL),
(170, '2015-04-01', 5, 8414, NULL, 49574, NULL, NULL, NULL, NULL),
(171, '2015-04-01', 6, 8241, NULL, 48012, NULL, NULL, NULL, NULL),
(172, '2015-04-01', 7, 9434, NULL, 85260, NULL, NULL, NULL, NULL),
(173, '2015-04-01', 8, 11208, NULL, 113, NULL, NULL, NULL, NULL),
(174, '2015-04-01', 9, 11862, NULL, 34733, NULL, NULL, NULL, NULL),
(175, '2015-04-01', 10, 11346, NULL, -42, NULL, NULL, NULL, NULL),
(176, '2015-04-01', 11, 9732, NULL, 8110, NULL, NULL, NULL, NULL),
(177, '2015-05-01', 1, 8469, NULL, 245142, NULL, NULL, NULL, NULL),
(178, '2015-05-01', 2, 8755, NULL, 204200, NULL, NULL, NULL, NULL),
(179, '2015-05-01', 3, 8597, NULL, 178214, NULL, NULL, NULL, NULL),
(180, '2015-05-01', 4, 10269, NULL, 59828, NULL, NULL, NULL, NULL),
(181, '2015-05-01', 5, 8162, NULL, 170047, NULL, NULL, NULL, NULL),
(182, '2015-05-01', 6, 7873, NULL, 279200, NULL, NULL, NULL, NULL),
(183, '2015-05-01', 7, 9562, NULL, 37153, NULL, NULL, NULL, NULL),
(184, '2015-05-01', 8, 11272, NULL, 2574, NULL, NULL, NULL, NULL),
(185, '2015-05-01', 9, 11433, NULL, 19328, NULL, NULL, NULL, NULL),
(186, '2015-05-01', 10, 11456, NULL, 2581, NULL, NULL, NULL, NULL),
(187, '2015-05-01', 11, 9519, NULL, 10153, NULL, NULL, NULL, NULL),
(188, '2015-06-01', 1, 8435, NULL, 152457, NULL, NULL, NULL, NULL),
(189, '2015-06-01', 2, 8762, NULL, 107379, NULL, NULL, NULL, NULL),
(190, '2015-06-01', 3, 8552, NULL, 91325, NULL, NULL, NULL, NULL),
(191, '2015-06-01', 4, 10230, NULL, 63680, NULL, NULL, NULL, NULL),
(192, '2015-06-01', 5, 8141, NULL, 147520, NULL, NULL, NULL, NULL),
(193, '2015-06-01', 6, 7814, NULL, 128186, NULL, NULL, NULL, NULL),
(194, '2015-06-01', 7, 9657, NULL, 35759, NULL, NULL, NULL, NULL),
(195, '2015-06-01', 8, 11321, NULL, 10809, NULL, NULL, NULL, NULL),
(196, '2015-06-01', 9, 11856, NULL, 15287, NULL, NULL, NULL, NULL),
(197, '2015-06-01', 10, 11499, NULL, 6580, NULL, NULL, NULL, NULL),
(198, '2015-06-01', 11, 9055, NULL, 14211, NULL, NULL, NULL, NULL),
(199, '2015-07-01', 1, 8443, NULL, 93894, NULL, NULL, NULL, NULL),
(200, '2015-07-01', 2, 8759, NULL, 63287, NULL, NULL, NULL, NULL),
(201, '2015-07-01', 3, 8587, NULL, 90381, NULL, NULL, NULL, NULL),
(202, '2015-07-01', 4, 10164, NULL, 46547, NULL, NULL, NULL, NULL),
(203, '2015-07-01', 5, 8197, NULL, 26072, NULL, NULL, NULL, NULL),
(204, '2015-07-01', 6, 7879, NULL, 31350, NULL, NULL, NULL, NULL),
(205, '2015-07-01', 7, 9836, NULL, 41033, NULL, NULL, NULL, NULL),
(206, '2015-07-01', 8, 11606, NULL, 4078, NULL, NULL, NULL, NULL),
(207, '2015-07-01', 9, 11620, NULL, 2312, NULL, NULL, NULL, NULL),
(208, '2015-07-01', 10, 11534, NULL, 522, NULL, NULL, NULL, NULL),
(209, '2015-07-01', 11, 9086, NULL, 13608, NULL, NULL, NULL, NULL),
(210, '2015-08-01', 1, 8474, NULL, 83590, NULL, NULL, NULL, NULL),
(211, '2015-08-01', 2, 8963, NULL, 51213, NULL, NULL, NULL, NULL),
(212, '2015-08-01', 3, 8732, NULL, 91985, NULL, NULL, NULL, NULL),
(213, '2015-08-01', 4, 10163, NULL, 49279, NULL, NULL, NULL, NULL),
(214, '2015-08-01', 5, 8300, NULL, 10508, NULL, NULL, NULL, NULL),
(215, '2015-08-01', 6, 7923, NULL, 36090, NULL, NULL, NULL, NULL),
(216, '2015-08-01', 7, 9875, NULL, 13705, NULL, NULL, NULL, NULL),
(217, '2015-08-01', 8, 11413, NULL, 290, NULL, NULL, NULL, NULL),
(218, '2015-08-01', 9, 11849, NULL, 83, NULL, NULL, NULL, NULL),
(219, '2015-08-01', 10, 11567, NULL, -21, NULL, NULL, NULL, NULL),
(220, '2015-08-01', 11, 9073, NULL, 10974, NULL, NULL, NULL, NULL),
(221, '2015-09-01', 1, 8515, NULL, 68699, NULL, NULL, NULL, NULL),
(222, '2015-09-01', 2, 9121, NULL, 49594, NULL, NULL, NULL, NULL),
(223, '2015-09-01', 3, 8962, NULL, 59609, NULL, NULL, NULL, NULL),
(224, '2015-09-01', 4, 10123, NULL, 129880, NULL, NULL, NULL, NULL),
(225, '2015-09-01', 5, 8320, NULL, 37348, NULL, NULL, NULL, NULL),
(226, '2015-09-01', 6, 8178, NULL, 48520, NULL, NULL, NULL, NULL),
(227, '2015-09-01', 7, 9929, NULL, -1457, NULL, NULL, NULL, NULL),
(228, '2015-09-01', 8, 11462, NULL, 15, NULL, NULL, NULL, NULL),
(229, '2015-09-01', 9, 11718, NULL, 11209, NULL, NULL, NULL, NULL),
(230, '2015-09-01', 10, 11552, NULL, 174, NULL, NULL, NULL, NULL),
(231, '2015-09-01', 11, 9233, NULL, 11109, NULL, NULL, NULL, NULL),
(232, '2015-10-01', 1, 8733, NULL, 34712, NULL, NULL, NULL, NULL),
(233, '2015-10-01', 2, 9371, NULL, 36762, NULL, NULL, NULL, NULL),
(234, '2015-10-01', 3, 9271, NULL, 25129, NULL, NULL, NULL, NULL),
(235, '2015-10-01', 4, 10122, NULL, 74441, NULL, NULL, NULL, NULL),
(236, '2015-10-01', 5, 8562, NULL, 37507, NULL, NULL, NULL, NULL),
(237, '2015-10-01', 6, 8521, NULL, 5985, NULL, NULL, NULL, NULL),
(238, '2015-10-01', 7, 9759, NULL, -1993, NULL, NULL, NULL, NULL),
(239, '2015-10-01', 8, 11106, NULL, -211, NULL, NULL, NULL, NULL),
(240, '2015-10-01', 9, 11582, NULL, 31109, NULL, NULL, NULL, NULL),
(241, '2015-10-01', 10, 11511, NULL, 956, NULL, NULL, NULL, NULL),
(242, '2015-10-01', 11, 9467, NULL, 4861, NULL, NULL, NULL, NULL),
(243, '2015-11-01', 1, 8930, NULL, 79631, NULL, NULL, NULL, NULL),
(244, '2015-11-01', 2, 9480, NULL, 146296, NULL, NULL, NULL, NULL),
(245, '2015-11-01', 3, 9358, NULL, 97608, NULL, NULL, NULL, NULL),
(246, '2015-11-01', 4, 10164, NULL, 82801, NULL, NULL, NULL, NULL),
(247, '2015-11-01', 5, 8599, NULL, 157800, NULL, NULL, NULL, NULL),
(248, '2015-11-01', 6, 8611, NULL, 8627, NULL, NULL, NULL, NULL),
(249, '2015-11-01', 7, 9822, NULL, 27145, NULL, NULL, NULL, NULL),
(250, '2015-11-01', 8, 11269, NULL, 926, NULL, NULL, NULL, NULL),
(251, '2015-11-01', 9, 11650, NULL, 55949, NULL, NULL, NULL, NULL),
(252, '2015-11-01', 10, 11574, NULL, 514, NULL, NULL, NULL, NULL),
(253, '2015-11-01', 11, 9531, NULL, 12392, NULL, NULL, NULL, NULL),
(254, '2015-12-01', 1, 8966, NULL, 348189, NULL, NULL, NULL, NULL),
(255, '2015-12-01', 2, 9522, NULL, 398799, NULL, NULL, NULL, NULL),
(256, '2015-12-01', 3, 9393, NULL, 538215, NULL, NULL, NULL, NULL),
(257, '2015-12-01', 4, 10358, NULL, 88157, NULL, NULL, NULL, NULL),
(258, '2015-12-01', 5, 8716, NULL, 169139, NULL, NULL, NULL, NULL),
(259, '2015-12-01', 6, 8649, NULL, 121482, NULL, NULL, NULL, NULL),
(260, '2015-12-01', 7, 9830, NULL, 80842, NULL, NULL, NULL, NULL),
(261, '2015-12-01', 8, 11389, NULL, 1890, NULL, NULL, NULL, NULL),
(262, '2015-12-01', 9, 11713, NULL, 37126, NULL, NULL, NULL, NULL),
(263, '2015-12-01', 10, 11571, NULL, 2304, NULL, NULL, NULL, NULL),
(264, '2015-12-01', 11, 9527, NULL, 14126, NULL, NULL, NULL, NULL),
(265, '2016-01-01', 1, 9069, 335396, 129427, NULL, NULL, NULL, NULL),
(266, '2016-01-01', 2, 9630, 231935, 267556, NULL, NULL, NULL, NULL),
(267, '2016-01-01', 3, 9493, 313450, 378208, NULL, NULL, NULL, NULL),
(268, '2016-01-01', 4, 10371, 502194, 2689, NULL, NULL, NULL, NULL),
(269, '2016-01-01', 5, 8767, 171251, 67048, NULL, NULL, NULL, NULL),
(270, '2016-01-01', 6, 8678, 275948, 186731, NULL, NULL, NULL, NULL),
(271, '2016-01-01', 7, 9870, 41324, 81250, NULL, NULL, NULL, NULL),
(272, '2016-01-01', 8, 11591, 3002, 7912, NULL, NULL, NULL, NULL),
(273, '2016-01-01', 9, 11711, 40233, 15613, NULL, NULL, NULL, NULL),
(274, '2016-01-01', 10, 11697, 1514, 7202, NULL, NULL, NULL, NULL),
(275, '2016-01-01', 11, 9511, 48170, 14241, NULL, NULL, NULL, NULL),
(276, '2016-02-01', 1, 9196, 150588, 101093, NULL, NULL, NULL, NULL),
(277, '2016-02-01', 2, 9745, 177023, 106225, NULL, NULL, NULL, NULL),
(278, '2016-02-01', 3, 9605, 161873, 83823, NULL, NULL, NULL, NULL),
(279, '2016-02-01', 4, 10404, 327623, 34568, NULL, NULL, NULL, NULL),
(280, '2016-02-01', 5, 8817, 168034, 15852, NULL, NULL, NULL, NULL),
(281, '2016-02-01', 6, 8726, 34460, 85013, NULL, NULL, NULL, NULL),
(282, '2016-02-01', 7, 9908, 42676, 63559, NULL, NULL, NULL, NULL),
(283, '2016-02-01', 8, 11800, 2533, 9455, NULL, NULL, NULL, NULL),
(284, '2016-02-01', 9, 11693, 88802, 12388, NULL, NULL, NULL, NULL),
(285, '2016-02-01', 10, 11818, 4273, 856, NULL, NULL, NULL, NULL),
(286, '2016-02-01', 11, 9498, 38801, 11679, NULL, NULL, NULL, NULL),
(287, '2016-03-01', 1, 9283, 452081, 192940, NULL, NULL, NULL, NULL),
(288, '2016-03-01', 2, 9772, 826759, 257548, NULL, NULL, NULL, NULL),
(289, '2016-03-01', 3, 9688, 537727, 230909, NULL, NULL, NULL, NULL),
(290, '2016-03-01', 4, 10434, 359329, 50613, NULL, NULL, NULL, NULL),
(291, '2016-03-01', 5, 8742, 659801, 27804, NULL, NULL, NULL, NULL),
(292, '2016-03-01', 6, 8771, 79892, 61990, NULL, NULL, NULL, NULL),
(293, '2016-03-01', 7, 9927, 125498, 81905, NULL, NULL, NULL, NULL),
(294, '2016-03-01', 8, 12012, 4652, 4066, NULL, NULL, NULL, NULL),
(295, '2016-03-01', 9, 11657, 146087, 39734, NULL, NULL, NULL, NULL),
(296, '2016-03-01', 10, 11944, 2450, 309, NULL, NULL, NULL, NULL),
(297, '2016-03-01', 11, 9481, 50086, 8660, NULL, NULL, NULL, NULL),
(298, '2016-04-01', 1, 9153, 2149952, 248924, NULL, NULL, NULL, NULL),
(299, '2016-04-01', 2, 9597, 2330817, 192421, NULL, NULL, NULL, NULL),
(300, '2016-04-01', 3, 9582, 2916488, 285610, NULL, NULL, NULL, NULL),
(301, '2016-04-01', 4, 10461, 378314, 47892, NULL, NULL, NULL, NULL),
(302, '2016-04-01', 5, 8659, 690865, 49623, NULL, NULL, NULL, NULL),
(303, '2016-04-01', 6, 8765, 698051, 48852, NULL, NULL, NULL, NULL),
(304, '2016-04-01', 7, 9909, 284777, 86365, NULL, NULL, NULL, NULL),
(305, '2016-04-01', 8, 12223, 7481, -238, NULL, NULL, NULL, NULL),
(306, '2016-04-01', 9, 11637, 98226, 33584, NULL, NULL, NULL, NULL),
(307, '2016-04-01', 10, 12058, 9389, -103, NULL, NULL, NULL, NULL),
(308, '2016-04-01', 11, 9463, 52267, 7830, NULL, NULL, NULL, NULL),
(309, '2016-05-01', 1, 9097, 1576554, 150647, NULL, NULL, NULL, NULL),
(310, '2016-05-01', 2, 9581, 1152255, 201156, NULL, NULL, NULL, NULL),
(311, '2016-05-01', 3, 9586, 1530786, 177284, NULL, NULL, NULL, NULL),
(312, '2016-05-01', 4, 10508, 201368, 59553, NULL, NULL, NULL, NULL),
(313, '2016-05-01', 5, 8677, 299095, 170464, NULL, NULL, NULL, NULL),
(314, '2016-05-01', 6, 8739, 947074, 278801, NULL, NULL, NULL, NULL),
(315, '2016-05-01', 7, 9892, 280156, 37351, NULL, NULL, NULL, NULL),
(316, '2016-05-01', 8, 12387, 29310, 2513, NULL, NULL, NULL, NULL),
(317, '2016-05-01', 9, 11636, 40342, 18703, NULL, NULL, NULL, NULL),
(318, '2016-05-01', 10, 12157, 17590, 2559, NULL, NULL, NULL, NULL),
(319, '2016-05-01', 11, 9448, 47656, 10037, NULL, NULL, NULL, NULL),
(320, '2016-06-01', 1, 9160, 646413, 91843, NULL, NULL, NULL, NULL),
(321, '2016-06-01', 2, 9646, 550912, 107315, NULL, NULL, NULL, NULL),
(322, '2016-06-01', 3, 9672, 488032, 90863, NULL, NULL, NULL, NULL),
(323, '2016-06-01', 4, 10554, 212525, 62889, NULL, NULL, NULL, NULL),
(324, '2016-06-01', 5, 8745, 104742, 151263, NULL, NULL, NULL, NULL),
(325, '2016-06-01', 6, 8755, 423808, 130475, NULL, NULL, NULL, NULL),
(326, '2016-06-01', 7, 9887, 225884, 35939, NULL, NULL, NULL, NULL),
(327, '2016-06-01', 8, 12563, 26415, 10917, NULL, NULL, NULL, NULL),
(328, '2016-06-01', 9, 11635, 37733, 15255, NULL, NULL, NULL, NULL),
(329, '2016-06-01', 10, 12286, 3632, 6698, NULL, NULL, NULL, NULL),
(330, '2016-06-01', 11, 9432, 50154, 14344, NULL, NULL, NULL, NULL),
(331, '2016-07-01', 1, 9232, 575726, 80525, NULL, NULL, NULL, NULL),
(332, '2016-07-01', 2, 9608, 1311643, 63012, NULL, NULL, NULL, NULL),
(333, '2016-07-01', 3, 9710, 1101395, 85856, NULL, NULL, NULL, NULL),
(334, '2016-07-01', 4, 10596, 236598, 46286, NULL, NULL, NULL, NULL),
(335, '2016-07-01', 5, 8800, 151146, 26101, NULL, NULL, NULL, NULL),
(336, '2016-07-01', 6, 8781, 307452, 32041, NULL, NULL, NULL, NULL),
(337, '2016-07-01', 7, 9865, 301368, 40961, NULL, NULL, NULL, NULL),
(338, '2016-07-01', 8, 12780, 13151, 6813, NULL, NULL, NULL, NULL),
(339, '2016-07-01', 9, 11621, 82669, 2410, NULL, NULL, NULL, NULL),
(340, '2016-07-01', 10, 12421, 1275, 635, NULL, NULL, NULL, NULL),
(341, '2016-07-01', 11, 9418, 45555, 14535, NULL, NULL, NULL, NULL),
(342, '2016-08-01', 1, 9228, 1166513, 67180, NULL, NULL, NULL, NULL),
(343, '2016-08-01', 2, 9584, 1208132, 47875, NULL, NULL, NULL, NULL),
(344, '2016-08-01', 3, 9708, 1612727, 89428, NULL, NULL, NULL, NULL),
(345, '2016-08-01', 4, 10635, 271016, 49532, NULL, NULL, NULL, NULL),
(346, '2016-08-01', 5, 8831, 243923, 9874, NULL, NULL, NULL, NULL),
(347, '2016-08-01', 6, 8806, 314045, 34568, NULL, NULL, NULL, NULL),
(348, '2016-08-01', 7, 9847, 285350, 12760, NULL, NULL, NULL, NULL),
(349, '2016-08-01', 8, 13016, 8192, -1551, NULL, NULL, NULL, NULL),
(350, '2016-08-01', 9, 11599, 104047, -192, NULL, NULL, NULL, NULL),
(351, '2016-08-01', 10, 12556, 2424, -64, NULL, NULL, NULL, NULL),
(352, '2016-08-01', 11, 9402, 51030, 10815, NULL, NULL, NULL, NULL),
(353, '2016-09-01', 1, 9189, 1436800, 33198, NULL, NULL, NULL, NULL),
(354, '2016-09-01', 2, 9587, 1010765, 43373, NULL, NULL, NULL, NULL),
(355, '2016-09-01', 3, 9764, 876207, 56922, NULL, NULL, NULL, NULL),
(356, '2016-09-01', 4, 10671, 298352, 130878, NULL, NULL, NULL, NULL),
(357, '2016-09-01', 5, 8745, 700563, 37028, NULL, NULL, NULL, NULL),
(358, '2016-09-01', 6, 8732, 1531240, 48122, NULL, NULL, NULL, NULL),
(359, '2016-09-01', 7, 9860, 154997, -3253, NULL, NULL, NULL, NULL),
(360, '2016-09-01', 8, 13239, 17049, -486, NULL, NULL, NULL, NULL),
(361, '2016-09-01', 9, 11587, 77366, 9060, NULL, NULL, NULL, NULL),
(362, '2016-09-01', 10, 12679, 9016, 55, NULL, NULL, NULL, NULL),
(363, '2016-09-01', 11, 9388, 48090, 10931, NULL, NULL, NULL, NULL),
(364, '2016-10-01', 1, 9217, 919944, 72317, NULL, NULL, NULL, NULL),
(365, '2016-10-01', 2, 9655, 529225, 26529, NULL, NULL, NULL, NULL),
(366, '2016-10-01', 3, 9850, 498546, 15426, NULL, NULL, NULL, NULL),
(367, '2016-10-01', 4, 10703, 321899, 77467, NULL, NULL, NULL, NULL),
(368, '2016-10-01', 5, 8681, 618540, 38080, NULL, NULL, NULL, NULL),
(369, '2016-10-01', 6, 8726, 709452, 5624, NULL, NULL, NULL, NULL),
(370, '2016-10-01', 7, 9877, 135935, -4950, NULL, NULL, NULL, NULL),
(371, '2016-10-01', 8, 13443, 27472, -765, NULL, NULL, NULL, NULL),
(372, '2016-10-01', 9, 11588, 35514, 29103, NULL, NULL, NULL, NULL),
(373, '2016-10-01', 10, 12778, 21734, 902, NULL, NULL, NULL, NULL),
(374, '2016-10-01', 11, 9374, 48615, 4618, NULL, NULL, NULL, NULL),
(375, '2016-11-01', 1, 9290, 567773, 344874, NULL, NULL, NULL, NULL),
(376, '2016-11-01', 2, 9749, 336900, 140263, NULL, NULL, NULL, NULL),
(377, '2016-11-01', 3, 9933, 537438, 92150, NULL, NULL, NULL, NULL),
(378, '2016-11-01', 4, 10744, 246523, 83826, NULL, NULL, NULL, NULL),
(379, '2016-11-01', 5, 8736, 152999, 157613, NULL, NULL, NULL, NULL),
(380, '2016-11-01', 6, 8760, 202037, 2819, NULL, NULL, NULL, NULL),
(381, '2016-11-01', 7, 9891, 149850, 26209, NULL, NULL, NULL, NULL),
(382, '2016-11-01', 8, 13694, 11592, 832, NULL, NULL, NULL, NULL),
(383, '2016-11-01', 9, 11593, 23580, 55787, NULL, NULL, NULL, NULL),
(384, '2016-11-01', 10, 12912, 4962, 492, NULL, NULL, NULL, NULL),
(385, '2016-11-01', 11, 9361, 46594, 12246, NULL, NULL, NULL, NULL),
(386, '2016-12-01', 1, 9376, 461190, 131441, NULL, NULL, NULL, NULL),
(387, '2016-12-01', 2, 9855, 240175, 401546, NULL, NULL, NULL, NULL),
(388, '2016-12-01', 3, 10022, 473745, 541497, NULL, NULL, NULL, NULL),
(389, '2016-12-01', 4, 10785, 252006, 88159, NULL, NULL, NULL, NULL),
(390, '2016-12-01', 5, 8807, 88949, 172581, NULL, NULL, NULL, NULL),
(391, '2016-12-01', 6, 8793, 216878, 119580, NULL, NULL, NULL, NULL),
(392, '2016-12-01', 7, 9917, 96609, 81333, NULL, NULL, NULL, NULL),
(393, '2016-12-01', 8, 13960, 9632, 1869, NULL, NULL, NULL, NULL),
(394, '2016-12-01', 9, 11599, 21112, 37659, NULL, NULL, NULL, NULL),
(395, '2016-12-01', 10, 13054, 2145, 2272, NULL, NULL, NULL, NULL),
(396, '2016-12-01', 11, 9346, 50168, 14287, NULL, NULL, NULL, NULL),
(397, '2017-01-01', 1, 9479, 326091, 100388, NULL, NULL, NULL, NULL),
(398, '2017-01-01', 2, 9969, 184298, 290507, NULL, NULL, NULL, NULL),
(399, '2017-01-01', 3, 10127, 273782, 412464, NULL, NULL, NULL, NULL),
(400, '2017-01-01', 4, 10810, 388392, 2135, NULL, NULL, NULL, NULL),
(401, '2017-01-01', 5, 8851, 191406, 67877, NULL, NULL, NULL, NULL),
(402, '2017-01-01', 6, 8824, 245932, 189087, NULL, NULL, NULL, NULL),
(403, '2017-01-01', 7, 9951, 57631, 84695, NULL, NULL, NULL, NULL),
(404, '2017-01-01', 8, 14239, 7839, 7999, NULL, NULL, NULL, NULL),
(405, '2017-01-01', 9, 11597, 42710, 16367, NULL, NULL, NULL, NULL),
(406, '2017-01-01', 10, 13200, 912, 7264, NULL, NULL, NULL, NULL),
(407, '2017-01-01', 11, 9332, 49949, 15137, NULL, NULL, NULL, NULL),
(408, '2017-02-01', 1, 9596, 214838, 193185, NULL, NULL, NULL, NULL),
(409, '2017-02-01', 2, 10068, 284965, 107183, NULL, NULL, NULL, NULL),
(410, '2017-02-01', 3, 10233, 253444, 84359, NULL, NULL, NULL, NULL),
(411, '2017-02-01', 4, 10839, 352366, 33029, NULL, NULL, NULL, NULL),
(412, '2017-02-01', 5, 8893, 200837, 15711, NULL, NULL, NULL, NULL),
(413, '2017-02-01', 6, 8868, 69023, 86319, NULL, NULL, NULL, NULL),
(414, '2017-02-01', 7, 9986, 53392, 64131, NULL, NULL, NULL, NULL),
(415, '2017-02-01', 8, 14526, 8664, 8377, NULL, NULL, NULL, NULL),
(416, '2017-02-01', 9, 11567, 131157, 12732, NULL, NULL, NULL, NULL),
(417, '2017-02-01', 10, 13344, 2665, 944, NULL, NULL, NULL, NULL),
(418, '2017-02-01', 11, 9322, 43477, 11525, NULL, NULL, NULL, NULL),
(419, '2017-03-01', 1, 9653, 679239, 255286, NULL, NULL, NULL, NULL),
(420, '2017-03-01', 2, 10053, 1122715, 256269, NULL, NULL, NULL, NULL),
(421, '2017-03-01', 3, 10285, 954706, 229196, NULL, NULL, NULL, NULL),
(422, '2017-03-01', 4, 10866, 366633, 50228, NULL, NULL, NULL, NULL),
(423, '2017-03-01', 5, 8811, 685172, 27519, NULL, NULL, NULL, NULL),
(424, '2017-03-01', 6, 8901, 209800, 62839, NULL, NULL, NULL, NULL),
(425, '2017-03-01', 7, 10004, 126797, 82793, NULL, NULL, NULL, NULL),
(426, '2017-03-01', 8, 14819, 10243, 3675, NULL, NULL, NULL, NULL),
(427, '2017-03-01', 9, 11542, 117978, 40040, NULL, NULL, NULL, NULL),
(428, '2017-03-01', 10, 13486, 4758, 254, NULL, NULL, NULL, NULL),
(429, '2017-03-01', 11, 9309, 47532, 8453, NULL, NULL, NULL, NULL),
(430, '2017-04-01', 1, 9526, 2117382, 157685, NULL, NULL, NULL, NULL),
(431, '2017-04-01', 2, 9886, 2259139, 190942, NULL, NULL, NULL, NULL),
(432, '2017-04-01', 3, 10184, 2870261, 285437, NULL, NULL, NULL, NULL),
(433, '2017-04-01', 4, 10890, 392642, 47985, NULL, NULL, NULL, NULL),
(434, '2017-04-01', 5, 8724, 705278, 49569, NULL, NULL, NULL, NULL),
(435, '2017-04-01', 6, 8886, 801573, 49717, NULL, NULL, NULL, NULL),
(436, '2017-04-01', 7, 9986, 280100, 87369, NULL, NULL, NULL, NULL),
(437, '2017-04-01', 8, 15104, 17601, -602, NULL, NULL, NULL, NULL),
(438, '2017-04-01', 9, 11535, 62942, 32188, NULL, NULL, NULL, NULL),
(439, '2017-04-01', 10, 13614, 12994, -166, NULL, NULL, NULL, NULL),
(440, '2017-04-01', 11, 9295, 53124, 7493, NULL, NULL, NULL, NULL),
(441, '2017-05-01', 1, 9469, 1569096, 87225, NULL, NULL, NULL, NULL),
(442, '2017-05-01', 2, 9869, 1148323, 197941, NULL, NULL, NULL, NULL),
(443, '2017-05-01', 3, 10189, 1542229, 176252, NULL, NULL, NULL, NULL),
(444, '2017-05-01', 4, 10936, 201859, 59202, NULL, NULL, NULL, NULL),
(445, '2017-05-01', 5, 8736, 323580, 170787, NULL, NULL, NULL, NULL),
(446, '2017-05-01', 6, 8859, 942308, 278522, NULL, NULL, NULL, NULL),
(447, '2017-05-01', 7, 9967, 284279, 37571, NULL, NULL, NULL, NULL),
(448, '2017-05-01', 8, 15366, 30373, 2448, NULL, NULL, NULL, NULL),
(449, '2017-05-01', 9, 11535, 42007, 17948, NULL, NULL, NULL, NULL),
(450, '2017-05-01', 10, 13734, 17046, 2537, NULL, NULL, NULL, NULL),
(451, '2017-05-01', 11, 9283, 48030, 9894, NULL, NULL, NULL, NULL),
(452, '2017-06-01', 1, 9532, 638955, 77472, NULL, NULL, NULL, NULL),
(453, '2017-06-01', 2, 9933, 546979, 107162, NULL, NULL, NULL, NULL),
(454, '2017-06-01', 3, 10277, 499475, 90293, NULL, NULL, NULL, NULL),
(455, '2017-06-01', 4, 10980, 213016, 61983, NULL, NULL, NULL, NULL),
(456, '2017-06-01', 5, 8796, 129227, 154892, NULL, NULL, NULL, NULL),
(457, '2017-06-01', 6, 8876, 419043, 132764, NULL, NULL, NULL, NULL),
(458, '2017-06-01', 7, 9960, 230008, 36126, NULL, NULL, NULL, NULL),
(459, '2017-06-01', 8, 15644, 27478, 11025, NULL, NULL, NULL, NULL),
(460, '2017-06-01', 9, 11535, 39398, 15188, NULL, NULL, NULL, NULL),
(461, '2017-06-01', 10, 13885, 3088, 6818, NULL, NULL, NULL, NULL),
(462, '2017-06-01', 11, 9270, 50528, 14464, NULL, NULL, NULL, NULL),
(463, '2017-07-01', 1, 9603, 568268, 63658, NULL, NULL, NULL, NULL),
(464, '2017-07-01', 2, 9894, 1307710, 62629, NULL, NULL, NULL, NULL),
(465, '2017-07-01', 3, 10316, 1112838, 81118, NULL, NULL, NULL, NULL),
(466, '2017-07-01', 4, 11021, 237089, 45991, NULL, NULL, NULL, NULL),
(467, '2017-07-01', 5, 8845, 175631, 26124, NULL, NULL, NULL, NULL),
(468, '2017-07-01', 6, 8901, 302686, 32788, NULL, NULL, NULL, NULL),
(469, '2017-07-01', 7, 9936, 305492, 40905, NULL, NULL, NULL, NULL),
(470, '2017-07-01', 8, 15967, 14214, 9460, NULL, NULL, NULL, NULL),
(471, '2017-07-01', 9, 11521, 84334, 2484, NULL, NULL, NULL, NULL),
(472, '2017-07-01', 10, 14043, 731, 750, NULL, NULL, NULL, NULL),
(473, '2017-07-01', 11, 9259, 45928, 15430, NULL, NULL, NULL, NULL),
(474, '2017-08-01', 1, 9599, 1159055, 31217, NULL, NULL, NULL, NULL),
(475, '2017-08-01', 2, 9870, 1204199, 44468, NULL, NULL, NULL, NULL),
(476, '2017-08-01', 3, 10314, 1624170, 86747, NULL, NULL, NULL, NULL),
(477, '2017-08-01', 4, 11058, 271507, 49774, NULL, NULL, NULL, NULL),
(478, '2017-08-01', 5, 8869, 268408, 9210, NULL, NULL, NULL, NULL),
(479, '2017-08-01', 6, 8926, 309279, 33029, NULL, NULL, NULL, NULL),
(480, '2017-08-01', 7, 9917, 289473, 11817, NULL, NULL, NULL, NULL),
(481, '2017-08-01', 8, 16313, 9255, -2924, NULL, NULL, NULL, NULL),
(482, '2017-08-01', 9, 11500, 105711, -476, NULL, NULL, NULL, NULL),
(483, '2017-08-01', 10, 14200, 1880, -107, NULL, NULL, NULL, NULL),
(484, '2017-08-01', 11, 9246, 51404, 10650, NULL, NULL, NULL, NULL),
(485, '2017-09-01', 1, 9560, 1429342, 69888, NULL, NULL, NULL, NULL),
(486, '2017-09-01', 2, 9872, 1006832, 36824, NULL, NULL, NULL, NULL),
(487, '2017-09-01', 3, 10371, 887650, 53972, NULL, NULL, NULL, NULL),
(488, '2017-09-01', 4, 11092, 298843, 131843, NULL, NULL, NULL, NULL),
(489, '2017-09-01', 5, 8777, 725048, 36656, NULL, NULL, NULL, NULL),
(490, '2017-09-01', 6, 8852, 1526474, 47676, NULL, NULL, NULL, NULL),
(491, '2017-09-01', 7, 9928, 159121, -5185, NULL, NULL, NULL, NULL),
(492, '2017-09-01', 8, 16649, 18112, -1088, NULL, NULL, NULL, NULL),
(493, '2017-09-01', 9, 11489, 79031, 6674, NULL, NULL, NULL, NULL),
(494, '2017-09-01', 10, 14346, 8472, -64, NULL, NULL, NULL, NULL),
(495, '2017-09-01', 11, 9235, 48463, 10720, NULL, NULL, NULL, NULL),
(496, '2017-10-01', 1, 9588, 912486, 343288, NULL, NULL, NULL, NULL),
(497, '2017-10-01', 2, 9939, 525292, 15886, NULL, NULL, NULL, NULL),
(498, '2017-10-01', 3, 10458, 509989, 5431, NULL, NULL, NULL, NULL),
(499, '2017-10-01', 4, 11124, 322390, 80487, NULL, NULL, NULL, NULL),
(500, '2017-10-01', 5, 8707, 643025, 38561, NULL, NULL, NULL, NULL),
(501, '2017-10-01', 6, 8845, 704686, 5233, NULL, NULL, NULL, NULL),
(502, '2017-10-01', 7, 9943, 140059, -7982, NULL, NULL, NULL, NULL),
(503, '2017-10-01', 8, 16970, 28535, -1389, NULL, NULL, NULL, NULL),
(504, '2017-10-01', 9, 11491, 37178, 26806, NULL, NULL, NULL, NULL),
(505, '2017-10-01', 10, 14468, 21190, 846, NULL, NULL, NULL, NULL),
(506, '2017-10-01', 11, 9224, 48989, 4326, NULL, NULL, NULL, NULL),
(507, '2017-11-01', 1, 9660, 560315, 133113, NULL, NULL, NULL, NULL),
(508, '2017-11-01', 2, 10032, 332967, 133874, NULL, NULL, NULL, NULL),
(509, '2017-11-01', 3, 10543, 548881, 86381, NULL, NULL, NULL, NULL),
(510, '2017-11-01', 4, 11164, 247014, 84927, NULL, NULL, NULL, NULL),
(511, '2017-11-01', 5, 8755, 177484, 157364, NULL, NULL, NULL, NULL),
(512, '2017-11-01', 6, 8879, 197272, -3093, NULL, NULL, NULL, NULL),
(513, '2017-11-01', 7, 9955, 153974, 25226, NULL, NULL, NULL, NULL),
(514, '2017-11-01', 8, 17343, 12655, 732, NULL, NULL, NULL, NULL),
(515, '2017-11-01', 9, 11496, 25245, 55517, NULL, NULL, NULL, NULL),
(516, '2017-11-01', 10, 14626, 4418, 469, NULL, NULL, NULL, NULL),
(517, '2017-11-01', 11, 9214, 46968, 12077, NULL, NULL, NULL, NULL),
(518, '2017-12-01', 1, 9746, 453732, 98728, NULL, NULL, NULL, NULL),
(519, '2017-12-01', 2, 10138, 236242, 404223, NULL, NULL, NULL, NULL),
(520, '2017-12-01', 3, 10632, 485188, 544659, NULL, NULL, NULL, NULL),
(521, '2017-12-01', 4, 11202, 252497, 88112, NULL, NULL, NULL, NULL),
(522, '2017-12-01', 5, 8820, 113434, 175916, NULL, NULL, NULL, NULL),
(523, '2017-12-01', 6, 8911, 212112, 117547, NULL, NULL, NULL, NULL),
(524, '2017-12-01', 7, 9979, 100733, 81804, NULL, NULL, NULL, NULL),
(525, '2017-12-01', 8, 17734, 10695, 1847, NULL, NULL, NULL, NULL),
(526, '2017-12-01', 9, 11503, 22776, 38175, NULL, NULL, NULL, NULL),
(527, '2017-12-01', 10, 14791, 1601, 2240, NULL, NULL, NULL, NULL),
(528, '2017-12-01', 11, 9203, 50541, 14437, NULL, NULL, NULL, NULL),
(529, '2018-01-01', 1, 8880, 2109924, 192429, NULL, NULL, NULL, NULL),
(530, '2018-01-01', 2, 9868, 2255206, 313441, NULL, NULL, NULL, NULL),
(531, '2018-01-01', 3, 10182, 3381131, 446755, NULL, NULL, NULL, NULL),
(532, '2018-01-01', 4, 10962, 393133, 1552, NULL, NULL, NULL, NULL),
(533, '2018-01-01', 5, 8790, 729763, 68717, NULL, NULL, NULL, NULL),
(534, '2018-01-01', 6, 8839, 796808, 191361, NULL, NULL, NULL, NULL),
(535, '2018-01-01', 7, 9956, 284224, 88197, NULL, NULL, NULL, NULL),
(536, '2018-01-01', 8, 13959, 18664, 8079, NULL, NULL, NULL, NULL),
(537, '2018-01-01', 9, 11523, 64606, 17115, NULL, NULL, NULL, NULL),
(538, '2018-01-01', 10, 13271, 12450, 7327, NULL, NULL, NULL, NULL),
(539, '2018-01-01', 11, 9387, 52035, 16013, NULL, NULL, NULL, NULL),
(540, '2018-02-01', 1, 8792, 1561638, 257456, NULL, NULL, NULL, NULL),
(541, '2018-02-01', 2, 9701, 1144390, 108598, NULL, NULL, NULL, NULL),
(542, '2018-02-01', 3, 10129, 1441810, 85275, NULL, NULL, NULL, NULL),
(543, '2018-02-01', 4, 10986, 202350, 31405, NULL, NULL, NULL, NULL),
(544, '2018-02-01', 5, 8697, 348065, 15562, NULL, NULL, NULL, NULL),
(545, '2018-02-01', 6, 8824, 937542, 87700, NULL, NULL, NULL, NULL),
(546, '2018-02-01', 7, 9937, 288403, 64800, NULL, NULL, NULL, NULL),
(547, '2018-02-01', 8, 14208, 31436, 7032, NULL, NULL, NULL, NULL),
(548, '2018-02-01', 9, 11515, 43671, 13119, NULL, NULL, NULL, NULL),
(549, '2018-02-01', 10, 13418, 16502, 1039, NULL, NULL, NULL, NULL),
(550, '2018-02-01', 11, 9380, 49472, 11372, NULL, NULL, NULL, NULL),
(551, '2018-03-01', 1, 8739, 631497, 165869, NULL, NULL, NULL, NULL),
(552, '2018-03-01', 2, 9686, 543047, 254985, NULL, NULL, NULL, NULL),
(553, '2018-03-01', 3, 10164, 562274, 227431, NULL, NULL, NULL, NULL),
(554, '2018-03-01', 4, 11032, 213507, 49750, NULL, NULL, NULL, NULL),
(555, '2018-03-01', 5, 8702, 153712, 27203, NULL, NULL, NULL, NULL),
(556, '2018-03-01', 6, 8799, 414277, 63719, NULL, NULL, NULL, NULL),
(557, '2018-03-01', 7, 9918, 234131, 83729, NULL, NULL, NULL, NULL),
(558, '2018-03-01', 8, 14433, 28541, 3260, NULL, NULL, NULL, NULL),
(559, '2018-03-01', 9, 11514, 41063, 40068, NULL, NULL, NULL, NULL),
(560, '2018-03-01', 10, 13565, 2544, 203, NULL, NULL, NULL, NULL),
(561, '2018-03-01', 11, 9375, 49970, 8218, NULL, NULL, NULL, NULL),
(562, '2018-04-01', 1, 8793, 560811, 88007, NULL, NULL, NULL, NULL),
(563, '2018-04-01', 2, 9751, 1303777, 189322, NULL, NULL, NULL, NULL),
(564, '2018-04-01', 3, 10246, 1120628, 285115, NULL, NULL, NULL, NULL),
(565, '2018-04-01', 4, 11076, 237580, 48020, NULL, NULL, NULL, NULL),
(566, '2018-04-01', 5, 8757, 200116, 49437, NULL, NULL, NULL, NULL),
(567, '2018-04-01', 6, 8816, 297921, 50609, NULL, NULL, NULL, NULL),
(568, '2018-04-01', 7, 9912, 309616, 88365, NULL, NULL, NULL, NULL),
(569, '2018-04-01', 8, 14673, 15277, -1013, NULL, NULL, NULL, NULL),
(570, '2018-04-01', 9, 11515, 85999, 30628, NULL, NULL, NULL, NULL),
(571, '2018-04-01', 10, 13719, 187, -230, NULL, NULL, NULL, NULL),
(572, '2018-04-01', 11, 9370, 44785, 7114, NULL, NULL, NULL, NULL),
(573, '2018-05-01', 1, 8868, 1151597, 71186, NULL, NULL, NULL, NULL),
(574, '2018-05-01', 2, 9714, 1200267, 194580, NULL, NULL, NULL, NULL),
(575, '2018-05-01', 3, 10269, 1507729, 175168, NULL, NULL, NULL, NULL),
(576, '2018-05-01', 4, 11118, 271998, 58801, NULL, NULL, NULL, NULL),
(577, '2018-05-01', 5, 8799, 292893, 171048, NULL, NULL, NULL, NULL),
(578, '2018-05-01', 6, 8842, 304514, 278400, NULL, NULL, NULL, NULL),
(579, '2018-05-01', 7, 9888, 293597, 37810, NULL, NULL, NULL, NULL),
(580, '2018-05-01', 8, 14955, 10318, 2380, NULL, NULL, NULL, NULL),
(581, '2018-05-01', 9, 11500, 107376, 17101, NULL, NULL, NULL, NULL),
(582, '2018-05-01', 10, 13876, 1336, 2513, NULL, NULL, NULL, NULL),
(583, '2018-05-01', 11, 9366, 45134, 9731, NULL, NULL, NULL, NULL),
(584, '2018-06-01', 1, 8794, 1421884, 60327, NULL, NULL, NULL, NULL),
(585, '2018-06-01', 2, 9691, 1002900, 106929, NULL, NULL, NULL, NULL),
(586, '2018-06-01', 3, 10299, 942782, 89632, NULL, NULL, NULL, NULL),
(587, '2018-06-01', 4, 11155, 299334, 60992, NULL, NULL, NULL, NULL),
(588, '2018-06-01', 5, 8817, 749533, 158454, NULL, NULL, NULL, NULL),
(589, '2018-06-01', 6, 8867, 1521708, 135089, NULL, NULL, NULL, NULL),
(590, '2018-06-01', 7, 9868, 163245, 36321, NULL, NULL, NULL, NULL),
(591, '2018-06-01', 8, 15260, 19175, 11133, NULL, NULL, NULL, NULL),
(592, '2018-06-01', 9, 11479, 80695, 15095, NULL, NULL, NULL, NULL),
(593, '2018-06-01', 10, 14035, 7928, 6939, NULL, NULL, NULL, NULL),
(594, '2018-06-01', 11, 9362, 47062, 14574, NULL, NULL, NULL, NULL),
(595, '2018-07-01', 1, 8759, 905028, 26858, NULL, NULL, NULL, NULL),
(596, '2018-07-01', 2, 9694, 521360, 62159, NULL, NULL, NULL, NULL),
(597, '2018-07-01', 3, 10346, 574380, 76206, NULL, NULL, NULL, NULL),
(598, '2018-07-01', 4, 11189, 322881, 45682, NULL, NULL, NULL, NULL),
(599, '2018-07-01', 5, 8719, 667510, 26166, NULL, NULL, NULL, NULL),
(600, '2018-07-01', 6, 8794, 699920, 33590, NULL, NULL, NULL, NULL),
(601, '2018-07-01', 7, 9879, 144183, 40863, NULL, NULL, NULL, NULL),
(602, '2018-07-01', 8, 15553, 29598, 12062, NULL, NULL, NULL, NULL),
(603, '2018-07-01', 9, 11467, 38843, 2543, NULL, NULL, NULL, NULL),
(604, '2018-07-01', 10, 14193, 20646, 869, NULL, NULL, NULL, NULL),
(605, '2018-07-01', 11, 9357, 52161, 16309, NULL, NULL, NULL, NULL),
(606, '2018-08-01', 1, 8795, 552857, 67959, NULL, NULL, NULL, NULL),
(607, '2018-08-01', 2, 9763, 329035, 41006, NULL, NULL, NULL, NULL),
(608, '2018-08-01', 3, 10430, 618136, 83954, NULL, NULL, NULL, NULL),
(609, '2018-08-01', 4, 11221, 247505, 50030, NULL, NULL, NULL, NULL),
(610, '2018-08-01', 5, 8642, 201969, 8524, NULL, NULL, NULL, NULL),
(611, '2018-08-01', 6, 8788, 192506, 31473, NULL, NULL, NULL, NULL),
(612, '2018-08-01', 7, 9894, 158097, 10874, NULL, NULL, NULL, NULL),
(613, '2018-08-01', 8, 15830, 13718, -4226, NULL, NULL, NULL, NULL),
(614, '2018-08-01', 9, 11468, 26909, -802, NULL, NULL, NULL, NULL),
(615, '2018-08-01', 10, 14350, 3874, -150, NULL, NULL, NULL, NULL),
(616, '2018-08-01', 11, 9352, 49818, 10493, NULL, NULL, NULL, NULL),
(617, '2018-09-01', 1, 8871, 446274, 345493, NULL, NULL, NULL, NULL),
(618, '2018-09-01', 2, 9857, 232309, 29973, NULL, NULL, NULL, NULL),
(619, '2018-09-01', 3, 10530, 545630, 50785, NULL, NULL, NULL, NULL),
(620, '2018-09-01', 4, 11261, 252988, 132790, NULL, NULL, NULL, NULL),
(621, '2018-09-01', 5, 8685, 137919, 36241, NULL, NULL, NULL, NULL),
(622, '2018-09-01', 6, 8823, 207346, 47182, NULL, NULL, NULL, NULL),
(623, '2018-09-01', 7, 9905, 104856, -7205, NULL, NULL, NULL, NULL),
(624, '2018-09-01', 8, 16157, 11758, -1702, NULL, NULL, NULL, NULL),
(625, '2018-09-01', 9, 11474, 24441, 4119, NULL, NULL, NULL, NULL),
(626, '2018-09-01', 10, 14514, 1057, -186, NULL, NULL, NULL, NULL),
(627, '2018-09-01', 11, 9347, 48384, 10485, NULL, NULL, NULL, NULL),
(628, '2018-10-01', 1, 8796, 311176, 146295, NULL, NULL, NULL, NULL),
(629, '2018-10-01', 2, 9963, 176433, 4862, NULL, NULL, NULL, NULL),
(630, '2018-10-01', 3, 10639, 286898, -4771, NULL, NULL, NULL, NULL),
(631, '2018-10-01', 4, 11300, 389375, 83515, NULL, NULL, NULL, NULL),
(632, '2018-10-01', 5, 8744, 240376, 38969, NULL, NULL, NULL, NULL),
(633, '2018-10-01', 6, 8856, 236400, 4812, NULL, NULL, NULL, NULL),
(634, '2018-10-01', 7, 9929, 65878, -11102, NULL, NULL, NULL, NULL),
(635, '2018-10-01', 8, 16500, 9965, -2056, NULL, NULL, NULL, NULL),
(636, '2018-10-01', 9, 11480, 46039, 24286, NULL, NULL, NULL, NULL),
(637, '2018-10-01', 10, 14681, -176, 786, NULL, NULL, NULL, NULL),
(638, '2018-10-01', 11, 9343, 48779, 3999, NULL, NULL, NULL, NULL),
(639, '2018-11-01', 1, 8903, 199922, 94472, NULL, NULL, NULL, NULL),
(640, '2018-11-01', 2, 10077, 277100, 127136, NULL, NULL, NULL, NULL),
(641, '2018-11-01', 3, 10751, 257639, 80314, NULL, NULL, NULL, NULL),
(642, '2018-11-01', 4, 11323, 353348, 86130, NULL, NULL, NULL, NULL),
(643, '2018-11-01', 5, 8776, 249807, 157080, NULL, NULL, NULL, NULL),
(644, '2018-11-01', 6, 8887, 59491, -9070, NULL, NULL, NULL, NULL),
(645, '2018-11-01', 7, 9962, 61639, 24194, NULL, NULL, NULL, NULL),
(646, '2018-11-01', 8, 16860, 10790, 628, NULL, NULL, NULL, NULL),
(647, '2018-11-01', 9, 11479, 134486, 55167, NULL, NULL, NULL, NULL),
(648, '2018-11-01', 10, 14850, 1577, 445, NULL, NULL, NULL, NULL),
(649, '2018-11-01', 11, 9338, 39881, 11890, NULL, NULL, NULL, NULL),
(650, '2018-12-01', 1, 8797, 664324, 190955, NULL, NULL, NULL, NULL),
(651, '2018-12-01', 2, 10177, 1114849, 406835, NULL, NULL, NULL, NULL),
(652, '2018-12-01', 3, 10857, 1007083, 547711, NULL, NULL, NULL, NULL),
(653, '2018-12-01', 4, 11351, 367615, 88047, NULL, NULL, NULL, NULL),
(654, '2018-12-01', 5, 8805, 734142, 179182, NULL, NULL, NULL, NULL),
(655, '2018-12-01', 6, 8932, 200268, 115377, NULL, NULL, NULL, NULL),
(656, '2018-12-01', 7, 9995, 135045, 82255, NULL, NULL, NULL, NULL),
(657, '2018-12-01', 8, 17231, 12369, 1822, NULL, NULL, NULL, NULL),
(658, '2018-12-01', 9, 11449, 121307, 38681, NULL, NULL, NULL, NULL),
(659, '2018-12-01', 10, 15022, 3670, 2207, NULL, NULL, NULL, NULL),
(660, '2018-12-01', 11, 9336, 50110, 14579, NULL, NULL, NULL, NULL),
(665, '2019-01-01', 1, 8944, NULL, NULL, NULL, NULL, NULL, NULL);

-- --------------------------------------------------------

--
-- Table structure for table `kondisi`
--

CREATE TABLE `kondisi` (
  `id_kondisi` varchar(4) NOT NULL,
  `nama_kondisi` varchar(255) NOT NULL,
  `kategori_kondisi` varchar(255) NOT NULL
) ENGINE=InnoDB DEFAULT CHARSET=latin1;

--
-- Dumping data for table `kondisi`
--

INSERT INTO `kondisi` (`id_kondisi`, `nama_kondisi`, `kategori_kondisi`) VALUES
('K1', 'Tidak Stabil', 'Harga'),
('K2', 'Stabil', 'Harga'),
('K3', 'Kemarau', 'Musim'),
('K4', 'Penghujan', 'Musim'),
('K5', 'Ada Bencana', 'Bencana Alam'),
('K6', 'Tidak Ada Bencana', 'Bencana Alam'),
('K7', 'Ada Hama', 'Hama'),
('K8', 'Tidak Ada Hama', 'Hama');

-- --------------------------------------------------------

--
-- Table structure for table `provinsi`
--

CREATE TABLE `provinsi` (
  `id_provinsi` int(2) NOT NULL,
  `provinsi` varchar(45) DEFAULT NULL,
  `long` double NOT NULL,
  `lat` double NOT NULL,
  `HET` double NOT NULL
) ENGINE=InnoDB DEFAULT CHARSET=latin1;

--
-- Dumping data for table `provinsi`
--

INSERT INTO `provinsi` (`id_provinsi`, `provinsi`, `long`, `lat`, `HET`) VALUES
(1, 'Jawa Barat', -6.916075, 107.6152, 9450),
(2, 'Jawa Tengah', -7.006029, 110.429317, 9450),
(3, 'Jawa Timur', -7.257592, 112.743785, 9450),
(4, 'Sumatera Utara', 3.592528, 98.668585, 9950),
(5, 'Sumatera Selatan', -2.970527, 104.757348, 9450),
(6, 'Sulawesi Selatan', -5.155058, 119.449393, 9450),
(7, 'Kalimantan Selatan', -3.319583, 114.602942, 9950),
(8, 'Papua', -3.743448, 137.977473, 10250),
(9, 'Kalimantan Tengah', -2.185997, 113.869444, 9950),
(10, 'Maluku', -3.114184, 129.510563, 10250),
(11, 'Sulawesi Utara', 1.505529, 124.843179, 9450),
(12, 'Nasional', -12.073242, 96.602717, 0);

-- --------------------------------------------------------

--
-- Table structure for table `rekomendasi`
--

CREATE TABLE `rekomendasi` (
  `id_rekomendasi` varchar(4) NOT NULL,
  `nama_rekomendasi` varchar(255) NOT NULL,
  `rekomendasi_1` text NOT NULL,
  `rekomendasi_2` text NOT NULL,
  `rekomendasi_3` text NOT NULL
) ENGINE=InnoDB DEFAULT CHARSET=latin1;

--
-- Dumping data for table `rekomendasi`
--

INSERT INTO `rekomendasi` (`id_rekomendasi`, `nama_rekomendasi`, `rekomendasi_1`, `rekomendasi_2`, `rekomendasi_3`) VALUES
('R1', 'Rekomendasi 1', 'Pertahankan kondisi saat ini', '', ''),
('R2', 'Rekomendasi 2', 'Lakukan pengendalian hama/penyakit, Minimalkan hambatan logistik\r\n', '', ''),
('R3', 'Rekomendasi 3', 'Pertahankan sumber air dan irigasi', '', ''),
('R4', 'Rekomendasi 4', 'Pertahankan sumber air dan irigasi, Lakukan pengendalian hama/penyakit, Minimalkan hambatan logistik', '', ''),
('R5', 'Rekomendasi 5', 'Lakukan operasi pasar, Impor dari negara lain', 'Lakukan distribusi antar daerah, Atur daerah produksi, Tingkatkan stok penyangga dari daerah sekitar', 'Atur persebaran waktu tanam dan luas panen'),
('R6', 'Rekomendasi 6', 'Lakukan operasi pasar, Lakukan pengendalian hama/penyakit, Minimalkan hambatan logistik, Impor dari negara lain', 'Lakukan distribusi antar daerah, Atur daerah produksi, Tingkatkan stok penyangga dari daerah sekitar', 'Atur persebaran waktu tanam dan luas panen'),
('R7', 'Rekomendasi 7', 'Lakukan operasi pasar, Pertahankan sumber air dan irigasi, Impor dari negara lain', 'Lakukan distribusi antar daerah, Atur daerah produksi, Tingkatkan stok penyangga dari daerah sekitar', 'Atur persebaran waktu tanam dan luas panen'),
('R8', 'Rekomendasi 8', 'Lakukan operasi pasar, Pertahankan sumber air dan irigasi, Lakukan pengendalian hama/penyakit, Minimalkan hambatan logistik, Impor dari negara lain', 'Lakukan distribusi antar daerah, Atur daerah produksi, Tingkatkan stok penyangga dari daerah sekitar', 'Atur persebaran waktu tanam dan luas panen ');

-- --------------------------------------------------------

--
-- Table structure for table `setting`
--

CREATE TABLE `setting` (
  `id_setting` int(1) NOT NULL,
  `status_HET` varchar(255) NOT NULL,
  `produktivitas_jawa` double NOT NULL,
  `produktivitas_luarjawa` double NOT NULL
) ENGINE=InnoDB DEFAULT CHARSET=latin1;

--
-- Dumping data for table `setting`
--

INSERT INTO `setting` (`id_setting`, `status_HET`, `produktivitas_jawa`, `produktivitas_luarjawa`) VALUES
(0, 'TIDAK', 5.796, 4.571);

-- --------------------------------------------------------

--
-- Table structure for table `user`
--

CREATE TABLE `user` (
  `id_user` int(11) NOT NULL,
  `lembaga` varchar(255) NOT NULL,
  `username` varchar(30) NOT NULL,
  `password` varchar(30) NOT NULL,
  `role` int(1) NOT NULL,
  `provinsi` int(2) DEFAULT NULL
) ENGINE=InnoDB DEFAULT CHARSET=latin1;

--
-- Dumping data for table `user`
--

INSERT INTO `user` (`id_user`, `lembaga`, `username`, `password`, `role`, `provinsi`) VALUES
(1, 'Admin', 'admin', 'admin', 0, 0),
(2, 'Disperindag Jatim', 'djatim', 'jj', 1, 3),
(4, 'Disperindag Jabar', 'djabar', 'jb', 1, 1);

-- --------------------------------------------------------

--
-- Table structure for table `waktu`
--

CREATE TABLE `waktu` (
  `id_waktu` date NOT NULL,
  `bulan` varchar(15) NOT NULL,
  `tahun` int(11) NOT NULL
) ENGINE=InnoDB DEFAULT CHARSET=latin1;

--
-- Dumping data for table `waktu`
--

INSERT INTO `waktu` (`id_waktu`, `bulan`, `tahun`) VALUES
('2008-01-01', 'Januari', 2008),
('2008-02-01', 'Februari', 2008),
('2008-03-01', 'Maret', 2008),
('2008-04-01', 'April', 2008),
('2008-05-01', 'Mei', 2008),
('2008-06-01', 'Juni', 2008),
('2008-07-01', 'Juli', 2008),
('2008-08-01', 'Agustus', 2008),
('2008-09-01', 'September', 2008),
('2008-10-01', 'Oktober', 2008),
('2008-11-01', 'November', 2008),
('2008-12-01', 'Desember', 2008),
('2009-01-01', 'Januari', 2009),
('2009-02-01', 'Februari', 2009),
('2009-03-01', 'Maret', 2009),
('2009-04-01', 'April', 2009),
('2009-05-01', 'Mei', 2009),
('2009-06-01', 'Juni', 2009),
('2009-07-01', 'Juli', 2009),
('2009-08-01', 'Agustus', 2009),
('2009-09-01', 'September', 2009),
('2009-10-01', 'Oktober', 2009),
('2009-11-01', 'November', 2009),
('2009-12-01', 'Desember', 2009),
('2010-01-01', 'Januari', 2010),
('2010-02-01', 'Februari', 2010),
('2010-03-01', 'Maret', 2010),
('2010-04-01', 'April', 2010),
('2010-05-01', 'Mei', 2010),
('2010-06-01', 'Juni', 2010),
('2010-07-01', 'Juli', 2010),
('2010-08-01', 'Agustus', 2010),
('2010-09-01', 'September', 2010),
('2010-10-01', 'Oktober', 2010),
('2010-11-01', 'November', 2010),
('2010-12-01', 'Desember', 2010),
('2011-01-01', 'Januari', 2011),
('2011-02-01', 'Februari', 2011),
('2011-03-01', 'Maret', 2011),
('2011-04-01', 'April', 2011),
('2011-05-01', 'Mei', 2011),
('2011-06-01', 'Juni', 2011),
('2011-07-01', 'Juli', 2011),
('2011-08-01', 'Agustus', 2011),
('2011-09-01', 'September', 2011),
('2011-10-01', 'Oktober', 2011),
('2011-11-01', 'November', 2011),
('2011-12-01', 'Desember', 2011),
('2012-01-01', 'Januari', 2012),
('2012-02-01', 'Februari', 2012),
('2012-03-01', 'Maret', 2012),
('2012-04-01', 'April', 2012),
('2012-05-01', 'Mei', 2012),
('2012-06-01', 'Juni', 2012),
('2012-07-01', 'Juli', 2012),
('2012-08-01', 'Agustus', 2012),
('2012-09-01', 'September', 2012),
('2012-10-01', 'Oktober', 2012),
('2012-11-01', 'November', 2012),
('2012-12-01', 'Desember', 2012),
('2013-01-01', 'Januari', 2013),
('2013-02-01', 'Februari', 2013),
('2013-03-01', 'Maret', 2013),
('2013-04-01', 'April', 2013),
('2013-05-01', 'Mei', 2013),
('2013-06-01', 'Juni', 2013),
('2013-07-01', 'Juli', 2013),
('2013-08-01', 'Agustus', 2013),
('2013-09-01', 'September', 2013),
('2013-10-01', 'Oktober', 2013),
('2013-11-01', 'November', 2013),
('2013-12-01', 'Desember', 2013),
('2014-01-01', 'Januari', 2014),
('2014-02-01', 'Februari', 2014),
('2014-03-01', 'Maret', 2014),
('2014-04-01', 'April', 2014),
('2014-05-01', 'Mei', 2014),
('2014-06-01', 'Juni', 2014),
('2014-07-01', 'Juli', 2014),
('2014-08-01', 'Agustus', 2014),
('2014-09-01', 'September', 2014),
('2014-10-01', 'Oktober', 2014),
('2014-11-01', 'November', 2014),
('2014-12-01', 'Desember', 2014),
('2015-01-01', 'Januari', 2015),
('2015-02-01', 'Februari', 2015),
('2015-03-01', 'Maret', 2015),
('2015-04-01', 'April', 2015),
('2015-05-01', 'Mei', 2015),
('2015-06-01', 'Juni', 2015),
('2015-07-01', 'Juli', 2015),
('2015-08-01', 'Agustus', 2015),
('2015-09-01', 'September', 2015),
('2015-10-01', 'Oktober', 2015),
('2015-11-01', 'November', 2015),
('2015-12-01', 'Desember', 2015),
('2016-01-01', 'Januari', 2016),
('2016-02-01', 'Februari', 2016),
('2016-03-01', 'Maret', 2016),
('2016-04-01', 'April', 2016),
('2016-05-01', 'Mei', 2016),
('2016-06-01', 'Juni', 2016),
('2016-07-01', 'Juli', 2016),
('2016-08-01', 'Agustus', 2016),
('2016-09-01', 'September', 2016),
('2016-10-01', 'Oktober', 2016),
('2016-11-01', 'November', 2016),
('2016-12-01', 'Desember', 2016),
('2017-01-01', 'Januari', 2017),
('2017-02-01', 'Februari', 2017),
('2017-03-01', 'Maret', 2017),
('2017-04-01', 'April', 2017),
('2017-05-01', 'Mei', 2017),
('2017-06-01', 'Juni', 2017),
('2017-07-01', 'Juli', 2017),
('2017-08-01', 'Agustus', 2017),
('2017-09-01', 'September', 2017),
('2017-10-01', 'Oktober', 2017),
('2017-11-01', 'November', 2017),
('2017-12-01', 'Desember', 2017),
('2018-01-01', 'Januari', 2018),
('2018-02-01', 'Februari', 2018),
('2018-03-01', 'Maret', 2018),
('2018-04-01', 'April', 2018),
('2018-05-01', 'Mei', 2018),
('2018-06-01', 'Juni', 2018),
('2018-07-01', 'Juli', 2018),
('2018-08-01', 'Agustus', 2018),
('2018-09-01', 'September', 2018),
('2018-10-01', 'Oktober', 2018),
('2018-11-01', 'November', 2018),
('2018-12-01', 'Desember', 2018),
('2019-01-01', 'Januari', 2019),
('2019-02-01', 'Februari', 2019),
('2020-01-01', 'Januari', 2020);

--
-- Indexes for dumped tables
--

--
-- Indexes for table `aturan`
--
ALTER TABLE `aturan`
  ADD PRIMARY KEY (`id_aturan`),
  ADD KEY `fk_foreign_aturan1` (`kondisi_harga`),
  ADD KEY `fk_foreign_aturan2` (`kondisi_musim`),
  ADD KEY `fk_foreign_aturan3` (`kondisi_bencana`),
  ADD KEY `fk_foreign_aturan4` (`rekomendasi`);

--
-- Indexes for table `aturan2`
--
ALTER TABLE `aturan2`
  ADD PRIMARY KEY (`id_aturan`);

--
-- Indexes for table `beras_aktual`
--
ALTER TABLE `beras_aktual`
  ADD PRIMARY KEY (`id_aktual`),
  ADD KEY `id_provinsi` (`id_provinsi`),
  ADD KEY `id_waktu` (`id_waktu`);

--
-- Indexes for table `beras_prediksi`
--
ALTER TABLE `beras_prediksi`
  ADD PRIMARY KEY (`id_prediksi`),
  ADD KEY `id_provinsi` (`id_provinsi`),
  ADD KEY `id_waktu` (`id_waktu`);

--
-- Indexes for table `kondisi`
--
ALTER TABLE `kondisi`
  ADD PRIMARY KEY (`id_kondisi`);

--
-- Indexes for table `provinsi`
--
ALTER TABLE `provinsi`
  ADD PRIMARY KEY (`id_provinsi`);

--
-- Indexes for table `rekomendasi`
--
ALTER TABLE `rekomendasi`
  ADD PRIMARY KEY (`id_rekomendasi`);

--
-- Indexes for table `setting`
--
ALTER TABLE `setting`
  ADD PRIMARY KEY (`id_setting`);

--
-- Indexes for table `user`
--
ALTER TABLE `user`
  ADD PRIMARY KEY (`id_user`);

--
-- Indexes for table `waktu`
--
ALTER TABLE `waktu`
  ADD PRIMARY KEY (`id_waktu`);

--
-- AUTO_INCREMENT for dumped tables
--

--
-- AUTO_INCREMENT for table `beras_aktual`
--
ALTER TABLE `beras_aktual`
  MODIFY `id_aktual` int(11) NOT NULL AUTO_INCREMENT, AUTO_INCREMENT=1190;
--
-- AUTO_INCREMENT for table `beras_prediksi`
--
ALTER TABLE `beras_prediksi`
  MODIFY `id_prediksi` int(11) NOT NULL AUTO_INCREMENT, AUTO_INCREMENT=666;
--
-- AUTO_INCREMENT for table `user`
--
ALTER TABLE `user`
  MODIFY `id_user` int(11) NOT NULL AUTO_INCREMENT, AUTO_INCREMENT=5;
--
-- Constraints for dumped tables
--

--
-- Constraints for table `aturan`
--
ALTER TABLE `aturan`
  ADD CONSTRAINT `fk_foreign_aturan1` FOREIGN KEY (`kondisi_harga`) REFERENCES `kondisi` (`id_kondisi`),
  ADD CONSTRAINT `fk_foreign_aturan2` FOREIGN KEY (`kondisi_musim`) REFERENCES `kondisi` (`id_kondisi`),
  ADD CONSTRAINT `fk_foreign_aturan3` FOREIGN KEY (`kondisi_bencana`) REFERENCES `kondisi` (`id_kondisi`),
  ADD CONSTRAINT `fk_foreign_aturan4` FOREIGN KEY (`rekomendasi`) REFERENCES `rekomendasi` (`id_rekomendasi`);

--
-- Constraints for table `beras_aktual`
--
ALTER TABLE `beras_aktual`
  ADD CONSTRAINT `beras_aktual_ibfk_1` FOREIGN KEY (`id_provinsi`) REFERENCES `provinsi` (`id_provinsi`),
  ADD CONSTRAINT `beras_aktual_ibfk_2` FOREIGN KEY (`id_waktu`) REFERENCES `waktu` (`id_waktu`);

--
-- Constraints for table `beras_prediksi`
--
ALTER TABLE `beras_prediksi`
  ADD CONSTRAINT `beras_prediksi_ibfk_1` FOREIGN KEY (`id_provinsi`) REFERENCES `provinsi` (`id_provinsi`),
  ADD CONSTRAINT `beras_prediksi_ibfk_2` FOREIGN KEY (`id_waktu`) REFERENCES `waktu` (`id_waktu`);

/*!40101 SET CHARACTER_SET_CLIENT=@OLD_CHARACTER_SET_CLIENT */;
/*!40101 SET CHARACTER_SET_RESULTS=@OLD_CHARACTER_SET_RESULTS */;
/*!40101 SET COLLATION_CONNECTION=@OLD_COLLATION_CONNECTION */;
